source,relation,target
PRR12,upregulated,PRR12
PRR12,upregulated,ZNF628
MYSM1,upregulated,MYSM1
MYSM1,upregulated,BPTF
MYSM1,upregulated,ZNF800
MYSM1,upregulated,LCORL
MYSM1,upregulated,CGGBP1
MYSM1,upregulated,THAP5
MYSM1,upregulated,REL
MYSM1,upregulated,FOXN2
MYSM1,upregulated,ZBTB6
MYSM1,upregulated,GABPA
MYSM1,upregulated,ZNF484
MYSM1,upregulated,THAP9
MYSM1,upregulated,ELK4
MYSM1,upregulated,AHCTF1
MYSM1,upregulated,ZNF92
MYSM1,upregulated,ASH1L
MYSM1,upregulated,USF3
SNAI1,upregulated,EGR4
ZMAT4,upregulated,SKOR2
ZMAT4,upregulated,ZMAT4
ZMAT4,upregulated,PRDM14
ZMAT4,upregulated,POU5F1
ZMAT4,upregulated,FEZF2
ZMAT4,upregulated,POU3F4
ZMAT4,upregulated,NEUROD6
ZMAT4,upregulated,ZSCAN10
ZMAT4,upregulated,NPAS4
ZMAT4,upregulated,NANOGP8
ZMAT4,upregulated,ZNF804B
ZMAT4,upregulated,POU6F2
ZMAT4,upregulated,DACH2
ZMAT4,upregulated,MYT1L
ZMAT4,upregulated,SALL3
ZMAT4,upregulated,SOX3
ZMAT4,upregulated,LHX8
ZMAT4,upregulated,BCL11A
MSC,upregulated,ETV3L
RFX8,upregulated,MSC
RFX8,upregulated,RFX8
RFX8,upregulated,ZBTB38
RFX8,upregulated,HMGA2
RFX8,upregulated,MSANTD3
RFX8,upregulated,RBPJ
RFX8,upregulated,POU2F2
RFX8,upregulated,RUNX1
RFX8,upregulated,CREB3L2
RFX8,upregulated,FOXC2
RFX8,upregulated,TWIST2
RFX8,upregulated,KLF17
RFX8,upregulated,NFE4
RFX8,upregulated,RUNX2
RFX8,upregulated,ETS1
RFX8,upregulated,ELK3
IKZF3,upregulated,ZNF683
SAFB2,upregulated,SAFB2
SAFB2,upregulated,ZNF700
SAFB2,upregulated,AKAP8L
SAFB2,upregulated,ZNF133
SAFB2,upregulated,L3MBTL1
SAFB2,upregulated,ZNF691
SAFB2,upregulated,ZNF224
SAFB2,upregulated,SAFB
SAFB2,upregulated,ZNF276
SAFB2,upregulated,ZBTB48
SAFB2,upregulated,ZGPAT
SAFB2,upregulated,ZGLP1
SAFB2,upregulated,E4F1
SAFB2,upregulated,CENPT
SAFB2,upregulated,ZNF333
SAFB2,upregulated,KMT2B
SAFB2,upregulated,GLI4
SAFB2,upregulated,ZNF205
SAFB2,upregulated,ZNF692
SAFB2,upregulated,MZF1
SAFB2,upregulated,MTERF4
SAFB2,upregulated,ZNF789
SAFB2,upregulated,ZNF444
ZNF770,upregulated,PRMT3
SALL2,upregulated,CDX4
MYT1,upregulated,NEUROD4
MYT1,upregulated,DRGX
MYT1,upregulated,SOX1
MYT1,upregulated,POU4F2
MYT1,upregulated,BARHL1
MYT1,upregulated,NHLH2
MYT1,upregulated,INSM2
HMGA2,upregulated,ZNF90
HMGA2,upregulated,RAX
HMGA2,upregulated,ZNF732
HMGA2,upregulated,ZNF714
HMGA2,upregulated,LIN28A
HMGA2,upregulated,LHX1
HMGA2,upregulated,ETV5
HMGA2,upregulated,CHAMP1
HMGA2,upregulated,MSANTD3
HMGA2,upregulated,ZNF511
HMGA2,upregulated,ZNF695
HMGA2,upregulated,LIN28B
HMGA2,upregulated,SOX11
HMGA2,upregulated,PRMT3
HMGA2,upregulated,TCF15
HMGA2,upregulated,DNMT1
HMGA2,upregulated,GRHL3
HMGA2,upregulated,TLX3
HMGA2,upregulated,HMX2
HMGA2,upregulated,MTERF3
HMGA2,upregulated,ZFP42
HMGA2,upregulated,DRAP1
HMGA2,upregulated,DPF1
HMGA2,upregulated,E2F7
HMGA2,upregulated,ONECUT1
HMGA2,upregulated,SLC2A4RG
HMGA2,upregulated,SOX9
HMGA2,upregulated,MYBL1
HMGA2,upregulated,ZNF749
HMGA2,upregulated,PLAGL1
HMGA2,upregulated,ZNF544
HMGA2,upregulated,ZNF367
HMGA2,upregulated,FOXM1
HMGA2,upregulated,CHCHD3
HMGA2,upregulated,SOX2
HMGA2,upregulated,MYC
HMGA2,upregulated,TEAD4
HMGA2,upregulated,TGIF2
HMGA2,upregulated,ZNF215
HMGA2,upregulated,ETS1
HMGA2,upregulated,NME2
HMGA2,upregulated,HOXD11
HMGA2,upregulated,MYCN
HMGA2,upregulated,GLI2
HMGA2,upregulated,ETV4
HMGA2,upregulated,SP5
HMGA2,upregulated,ELK3
HMGA2,upregulated,CENPS
HMGA2,upregulated,GTF3A
HMGA2,upregulated,HOXD12
HMGA2,upregulated,SALL4
HMGA2,upregulated,ZNF730
HMGA2,upregulated,ZNF165
HMGA2,upregulated,MYF5
HMGA2,upregulated,PA2G4
HMGA2,upregulated,ARNTL2
HNF4A,upregulated,CDX2
HNF4A,upregulated,HNF1B
HNF4A,upregulated,NR1I3
HNF4A,upregulated,MIXL1
HNF4A,upregulated,CREB3L3
HNF4A,upregulated,CDX1
TFEC,upregulated,MSC
TFEC,upregulated,TSHZ3
TFEC,upregulated,TFEC
TFEC,upregulated,ETV3L
TFEC,upregulated,SP100
TFEC,upregulated,SPI1
TFEC,upregulated,SP140L
TFEC,upregulated,BHLHE22
TFEC,upregulated,BATF
TFEC,upregulated,HLX
TFEC,upregulated,STAT2
TFEC,upregulated,SPIB
TFEC,upregulated,ZNF438
TFEC,upregulated,ZNF366
TFEC,upregulated,TBX21
TFEC,upregulated,IRF9
TFEC,upregulated,NFE2
TFEC,upregulated,GFI1B
TFEC,upregulated,BATF2
IRF7,upregulated,ZNF274
IRF7,upregulated,IRF2
IRF7,upregulated,IRF1
IRF7,upregulated,RBCK1
IRF7,upregulated,GPBP1
IRF7,upregulated,IRF4
IRF7,upregulated,TFEC
IRF7,upregulated,RELB
IRF7,upregulated,IRF7
IRF7,upregulated,TRAFD1
IRF7,upregulated,IRF8
IRF7,upregulated,RELA
IRF7,upregulated,PLSCR1
IRF7,upregulated,SP140
IRF7,upregulated,SP100
IRF7,upregulated,USF1
IRF7,upregulated,SP140L
IRF7,upregulated,HINFP
IRF7,upregulated,ZNF224
IRF7,upregulated,ZBTB17
IRF7,upregulated,ZNF296
IRF7,upregulated,ETV7
IRF7,upregulated,BATF
IRF7,upregulated,ZNF267
IRF7,upregulated,REL
IRF7,upregulated,FOXP3
IRF7,upregulated,NFKB2
IRF7,upregulated,FOXN2
IRF7,upregulated,IRF5
IRF7,upregulated,MAFF
IRF7,upregulated,MTF1
IRF7,upregulated,STAT2
IRF7,upregulated,HESX1
IRF7,upregulated,ZNF416
IRF7,upregulated,SPIB
IRF7,upregulated,RFX5
IRF7,upregulated,ZBTB43
IRF7,upregulated,MAX
IRF7,upregulated,TBX21
IRF7,upregulated,HDX
IRF7,upregulated,IRF9
IRF7,upregulated,ZNF136
IRF7,upregulated,NFKB1
IRF7,upregulated,GTF2B
IRF7,upregulated,EGR4
IRF7,upregulated,ZNF200
IRF7,upregulated,BAZ2A
IRF7,upregulated,BATF2
IRF7,upregulated,BATF3
IRF7,upregulated,SP110
IRF7,upregulated,STAT1
IRF7,upregulated,ATF3
IRF7,upregulated,CREM
ZNF609,upregulated,SRCAP
ZNF148,upregulated,MYSM1
ZNF148,upregulated,ZNF254
ZNF148,upregulated,CDC5L
ZNF148,upregulated,MGA
ZNF148,upregulated,PURA
ZNF148,upregulated,ZNF708
ZNF148,upregulated,CGGBP1
ZNF148,upregulated,ELK4
ZNF148,upregulated,ZBTB26
ZNF148,upregulated,ZBTB33
ZNF148,upregulated,AHCTF1
ZNF148,upregulated,ZNF280D
ZNF148,upregulated,NCOA2
ZNF148,upregulated,ZNF322
TFDP1,upregulated,CDX4
TFDP1,upregulated,ZNF90
TFDP1,upregulated,ZNF732
TFDP1,upregulated,MEOX2
TFDP1,upregulated,TFEC
TFDP1,upregulated,LIN28A
TFDP1,upregulated,ZNF813
TFDP1,upregulated,ZNF138
TFDP1,upregulated,TCF4
TFDP1,upregulated,ZNF680
TFDP1,upregulated,HES6
TFDP1,upregulated,PRDM5
TFDP1,upregulated,ZNF99
TFDP1,upregulated,AIRE
TFDP1,upregulated,IKZF1
TFDP1,upregulated,ZNF33A
TFDP1,upregulated,LYL1
TFDP1,upregulated,CEBPE
TFDP1,upregulated,OTX2
TFDP1,upregulated,ZNF691
TFDP1,upregulated,ZNF334
TFDP1,upregulated,TFCP2
TFDP1,upregulated,MTERF2
TFDP1,upregulated,MTERF3
TFDP1,upregulated,ZNF492
TFDP1,upregulated,ZNF660
TFDP1,upregulated,ZNF486
TFDP1,upregulated,HMG20A
TFDP1,upregulated,ARID2
TFDP1,upregulated,ZBTB14
TFDP1,upregulated,SOHLH2
TFDP1,upregulated,ZNF512
TFDP1,upregulated,ERG
TFDP1,upregulated,ZNF681
TFDP1,upregulated,FOXC2
TFDP1,upregulated,OVOL3
TFDP1,upregulated,MESP1
TFDP1,upregulated,ZNF814
TFDP1,upregulated,ZNF665
TFDP1,upregulated,HAND2
TFDP1,upregulated,NFE4
TFDP1,upregulated,ZNF718
TFDP1,upregulated,NKRF
TFDP1,upregulated,ZNF32
TFDP1,upregulated,MYCN
TFDP1,upregulated,ZNF485
TFDP1,upregulated,MTERF1
TFDP1,upregulated,ETV2
TFDP1,upregulated,ZNF239
TFDP1,upregulated,IKZF4
TFDP1,upregulated,TBX20
TFDP1,upregulated,ZNF30
TFDP1,upregulated,HOXD12
TFDP1,upregulated,ZFP69
TFDP1,upregulated,ZNF280C
TFDP1,upregulated,SALL4
TFDP1,upregulated,HSF5
TFDP1,upregulated,ZBED4
TFDP1,upregulated,SOX10
TFDP1,upregulated,NFATC3
RXRG,upregulated,MYOG
RXRG,upregulated,MYF6
OVOL1,upregulated,SOX15
OVOL1,upregulated,ZBTB42
OVOL1,upregulated,EMX1
OVOL1,upregulated,DLX3
OVOL1,upregulated,IRF6
OVOL1,upregulated,POU2F3
OVOL1,upregulated,ZBTB7B
OVOL1,upregulated,HES2
OVOL1,upregulated,ZNF750
OVOL1,upregulated,OVOL2
OVOL1,upregulated,RBPJL
OVOL1,upregulated,ELF5
OVOL1,upregulated,SNAI3
BPTF,upregulated,ZNF493
BPTF,upregulated,ZBTB8B
BPTF,upregulated,ZNF66
BPTF,upregulated,POU5F2
BPTF,upregulated,ZNF573
NFATC2,upregulated,PROX2
TRAFD1,upregulated,IRF2
TRAFD1,upregulated,IRF1
TRAFD1,upregulated,GPBP1
TRAFD1,upregulated,RELB
TRAFD1,upregulated,IRF7
TRAFD1,upregulated,TRAFD1
TRAFD1,upregulated,CSRNP2
TRAFD1,upregulated,ZBTB42
TRAFD1,upregulated,ETV3
TRAFD1,upregulated,RELA
TRAFD1,upregulated,PLSCR1
TRAFD1,upregulated,SP140
TRAFD1,upregulated,SP100
TRAFD1,upregulated,USF1
TRAFD1,upregulated,SP140L
TRAFD1,upregulated,BBX
TRAFD1,upregulated,ZNF107
TRAFD1,upregulated,ETV7
TRAFD1,upregulated,ZNF267
TRAFD1,upregulated,KDM2A
TRAFD1,upregulated,ETV6
TRAFD1,upregulated,MTF1
TRAFD1,upregulated,STAT2
TRAFD1,upregulated,STAT3
TRAFD1,upregulated,RFX5
TRAFD1,upregulated,HIVEP2
TRAFD1,upregulated,ARID5A
TRAFD1,upregulated,ZBTB43
TRAFD1,upregulated,PLAGL2
TRAFD1,upregulated,MAX
TRAFD1,upregulated,FOXF1
TRAFD1,upregulated,HDX
TRAFD1,upregulated,IRF9
TRAFD1,upregulated,ZNF277
TRAFD1,upregulated,NFKB1
TRAFD1,upregulated,GTF2B
TRAFD1,upregulated,ZNF618
TRAFD1,upregulated,ZNF101
TRAFD1,upregulated,ZNF200
TRAFD1,upregulated,BAZ2A
TRAFD1,upregulated,BATF2
TRAFD1,upregulated,HIVEP1
TRAFD1,upregulated,SP110
TRAFD1,upregulated,STAT1
TRAFD1,upregulated,ZNF766
IRF8,upregulated,IRF7
IRF8,upregulated,ETV7
IRF8,upregulated,STAT2
IRF8,upregulated,HDX
IRF8,upregulated,IRF9
IRF8,upregulated,SP110
CHAMP1,upregulated,PRMT3
ZNF331,upregulated,ZNF331
ZNF331,upregulated,REL
ZNF331,upregulated,EGR4
ZNF331,upregulated,FOSB
MGA,upregulated,BPTF
MGA,upregulated,ZZZ3
ZNF654,upregulated,ZNF292
ZNF654,upregulated,ZNF654
ZNF654,upregulated,ZNF800
ZNF654,upregulated,THAP6
ZNF654,upregulated,ZBTB41
ZNF654,upregulated,ZBTB6
ZNF654,upregulated,ZNF644
ZNF654,upregulated,RBAK
ZNF654,upregulated,ZNF484
ZNF654,upregulated,ZNF24
ZNF654,upregulated,TMF1
ZNF654,upregulated,RLF
SOX1,upregulated,UNCX
KLF1,upregulated,KLF1
KLF1,upregulated,GATA1
CSRNP1,upregulated,KLF13
CSRNP1,upregulated,SNAI1
CSRNP1,upregulated,TP53
CSRNP1,upregulated,MSC
CSRNP1,upregulated,RFX8
CSRNP1,upregulated,TFAP2C
CSRNP1,upregulated,HES1
CSRNP1,upregulated,ATF5
CSRNP1,upregulated,SOX7
CSRNP1,upregulated,ZBTB46
CSRNP1,upregulated,EN2
CSRNP1,upregulated,TIGD3
CSRNP1,upregulated,ZBTB7A
CSRNP1,upregulated,PRDM1
CSRNP1,upregulated,VDR
CSRNP1,upregulated,NR4A2
CSRNP1,upregulated,ANKZF1
CSRNP1,upregulated,ZNF395
CSRNP1,upregulated,ZBTB25
CSRNP1,upregulated,YBX3
CSRNP1,upregulated,ZNF251
CSRNP1,upregulated,ZNF385A
CSRNP1,upregulated,NR1H2
CSRNP1,upregulated,NR4A3
CSRNP1,upregulated,NFATC2
CSRNP1,upregulated,ETV5
CSRNP1,upregulated,ZNF648
CSRNP1,upregulated,KLF9
CSRNP1,upregulated,AHR
CSRNP1,upregulated,POU2F2
CSRNP1,upregulated,ZNF319
CSRNP1,upregulated,HES6
CSRNP1,upregulated,ZBED1
CSRNP1,upregulated,KLF2
CSRNP1,upregulated,CSRNP2
CSRNP1,upregulated,KLF15
CSRNP1,upregulated,PCGF2
CSRNP1,upregulated,CEBPD
CSRNP1,upregulated,CENPA
CSRNP1,upregulated,SREBF1
CSRNP1,upregulated,DUX4
CSRNP1,upregulated,ZNF425
CSRNP1,upregulated,FOXB1
CSRNP1,upregulated,GFI1
CSRNP1,upregulated,ATOH8
CSRNP1,upregulated,POU5F1
CSRNP1,upregulated,RELA
CSRNP1,upregulated,SP6
CSRNP1,upregulated,MAFA
CSRNP1,upregulated,TWIST1
CSRNP1,upregulated,BHLHA15
CSRNP1,upregulated,HMX3
CSRNP1,upregulated,HOXB9
CSRNP1,upregulated,ATF4
CSRNP1,upregulated,WT1
CSRNP1,upregulated,SMAD3
CSRNP1,upregulated,TBX2
CSRNP1,upregulated,JDP2
CSRNP1,upregulated,BCL6
CSRNP1,upregulated,OSR2
CSRNP1,upregulated,ZNF516
CSRNP1,upregulated,SNAPC4
CSRNP1,upregulated,ZNF57
CSRNP1,upregulated,CREB3
CSRNP1,upregulated,FOXD3
CSRNP1,upregulated,MSX1
CSRNP1,upregulated,PREB
CSRNP1,upregulated,PHF21A
CSRNP1,upregulated,KLF5
CSRNP1,upregulated,MXI1
CSRNP1,upregulated,ZNF878
CSRNP1,upregulated,FOXC1
CSRNP1,upregulated,HOXD1
CSRNP1,upregulated,GRHL3
CSRNP1,upregulated,ZBTB32
CSRNP1,upregulated,SCX
CSRNP1,upregulated,ZNF213
CSRNP1,upregulated,TFAP2A
CSRNP1,upregulated,ZNF296
CSRNP1,upregulated,GLIS2
CSRNP1,upregulated,DLX3
CSRNP1,upregulated,ZNF18
CSRNP1,upregulated,E2F1
CSRNP1,upregulated,IRF6
CSRNP1,upregulated,POU2F3
CSRNP1,upregulated,TGIF1
CSRNP1,upregulated,REL
CSRNP1,upregulated,CAMTA2
CSRNP1,upregulated,NFKB2
CSRNP1,upregulated,TSC22D1
CSRNP1,upregulated,JUNB
CSRNP1,upregulated,KLF4
CSRNP1,upregulated,TFCP2L1
CSRNP1,upregulated,SOX17
CSRNP1,upregulated,ZXDC
CSRNP1,upregulated,NR6A1
CSRNP1,upregulated,RARA
CSRNP1,upregulated,MAFG
CSRNP1,upregulated,ARNTL
CSRNP1,upregulated,ESR2
CSRNP1,upregulated,SOX4
CSRNP1,upregulated,NFE2L1
CSRNP1,upregulated,PRRX2
CSRNP1,upregulated,ZNF142
CSRNP1,upregulated,ZNF628
CSRNP1,upregulated,HES7
CSRNP1,upregulated,ZNF503
CSRNP1,upregulated,POU3F1
CSRNP1,upregulated,ZBTB7B
CSRNP1,upregulated,FLYWCH1
CSRNP1,upregulated,PPARD
CSRNP1,upregulated,ZNF703
CSRNP1,upregulated,HMGA1
CSRNP1,upregulated,HES2
CSRNP1,upregulated,RFX2
CSRNP1,upregulated,AHRR
CSRNP1,upregulated,ETV6
CSRNP1,upregulated,CEBPB
CSRNP1,upregulated,GTF2IRD1
CSRNP1,upregulated,DDIT3
CSRNP1,upregulated,GCM1
CSRNP1,upregulated,HLX
CSRNP1,upregulated,ISL2
CSRNP1,upregulated,TBX6
CSRNP1,upregulated,RARG
CSRNP1,upregulated,ZNF783
CSRNP1,upregulated,HIC1
CSRNP1,upregulated,STAT3
CSRNP1,upregulated,EGR1
CSRNP1,upregulated,KLF11
CSRNP1,upregulated,ZIC2
CSRNP1,upregulated,ZNF576
CSRNP1,upregulated,STAT5A
CSRNP1,upregulated,FOXO1
CSRNP1,upregulated,SIX2
CSRNP1,upregulated,AHDC1
CSRNP1,upregulated,HIVEP2
CSRNP1,upregulated,CASZ1
CSRNP1,upregulated,ZNF438
CSRNP1,upregulated,ARID5A
CSRNP1,upregulated,NPAS2
CSRNP1,upregulated,TCF7
CSRNP1,upregulated,OLIG2
CSRNP1,upregulated,NR5A1
CSRNP1,upregulated,MEOX1
CSRNP1,upregulated,ZNF554
CSRNP1,upregulated,ZNF556
CSRNP1,upregulated,FOXI3
CSRNP1,upregulated,EPAS1
CSRNP1,upregulated,FOXQ1
CSRNP1,upregulated,EOMES
CSRNP1,upregulated,FOXJ1
CSRNP1,upregulated,ZHX2
CSRNP1,upregulated,SCRT1
CSRNP1,upregulated,MYC
CSRNP1,upregulated,NR1D1
CSRNP1,upregulated,AKNA
CSRNP1,upregulated,LHX3
CSRNP1,upregulated,STAT4
CSRNP1,upregulated,TEAD4
CSRNP1,upregulated,HEY1
CSRNP1,upregulated,NR4A1
CSRNP1,upregulated,SOX8
CSRNP1,upregulated,ETS1
CSRNP1,upregulated,ZNF641
CSRNP1,upregulated,ZFHX2
CSRNP1,upregulated,EGR2
CSRNP1,upregulated,ZBED2
CSRNP1,upregulated,HIVEP3
CSRNP1,upregulated,RBPJL
CSRNP1,upregulated,CXXC5
CSRNP1,upregulated,FOXF1
CSRNP1,upregulated,ZFP64
CSRNP1,upregulated,GATA6
CSRNP1,upregulated,ZBTB16
CSRNP1,upregulated,HOXA1
CSRNP1,upregulated,ELF3
CSRNP1,upregulated,ETV4
CSRNP1,upregulated,ZNF697
CSRNP1,upregulated,HAND1
CSRNP1,upregulated,TCF7L1
CSRNP1,upregulated,MAFB
CSRNP1,upregulated,BCL6B
CSRNP1,upregulated,SREBF2
CSRNP1,upregulated,LHX6
CSRNP1,upregulated,GATA2
CSRNP1,upregulated,TCF7L2
CSRNP1,upregulated,NFKB1
CSRNP1,upregulated,ZNF385C
CSRNP1,upregulated,FOXN1
CSRNP1,upregulated,MAFK
CSRNP1,upregulated,NFATC1
CSRNP1,upregulated,EGR4
CSRNP1,upregulated,ESRRA
CSRNP1,upregulated,KLF7
CSRNP1,upregulated,DLX2
CSRNP1,upregulated,FOXP4
CSRNP1,upregulated,FOXF2
CSRNP1,upregulated,XBP1
CSRNP1,upregulated,MNT
CSRNP1,upregulated,PRDM8
CSRNP1,upregulated,NFIL3
CSRNP1,upregulated,EHF
CSRNP1,upregulated,ZNF804A
CSRNP1,upregulated,ZNF70
CSRNP1,upregulated,PAX9
CSRNP1,upregulated,MYCL
CSRNP1,upregulated,ZNF792
CSRNP1,upregulated,SOX13
CSRNP1,upregulated,POU6F1
CSRNP1,upregulated,ZFHX3
CSRNP1,upregulated,ARID3A
CSRNP1,upregulated,GLIS3
CSRNP1,upregulated,IRX6
CSRNP1,upregulated,TFEB
CSRNP1,upregulated,ZNF165
CSRNP1,upregulated,MLX
CSRNP1,upregulated,HEYL
CSRNP1,upregulated,ZNF408
CSRNP1,upregulated,FOXR1
CSRNP1,upregulated,SRF
CSRNP1,upregulated,PA2G4
CSRNP1,upregulated,MXD1
CSRNP1,upregulated,PPARG
CSRNP1,upregulated,CPEB1
CENPA,upregulated,MYSM1
CENPA,upregulated,ZBTB39
CENPA,upregulated,ZNF770
CENPA,upregulated,ZBTB24
CENPA,upregulated,DR1
CENPA,upregulated,BPTF
CENPA,upregulated,PRDM14
CENPA,upregulated,IKZF5
CENPA,upregulated,CHAMP1
CENPA,upregulated,MSANTD3
CENPA,upregulated,ZNF830
CENPA,upregulated,ZNF587B
CENPA,upregulated,ZNF99
CENPA,upregulated,HSF2
CENPA,upregulated,ZNF227
CENPA,upregulated,YY2
CENPA,upregulated,ZBTB2
CENPA,upregulated,KAT7
CENPA,upregulated,FOXD3
CENPA,upregulated,BARX1
CENPA,upregulated,MYF6
CENPA,upregulated,OTX2
CENPA,upregulated,ZNF619
CENPA,upregulated,MTERF3
CENPA,upregulated,ZBTB11
CENPA,upregulated,ZNF267
CENPA,upregulated,ARID2
CENPA,upregulated,ONECUT1
CENPA,upregulated,ZHX3
CENPA,upregulated,SIX6
CENPA,upregulated,ZNF705A
CENPA,upregulated,NKRF
CENPA,upregulated,ZBTB3
CENPA,upregulated,ZHX1
CENPA,upregulated,ZBTB33
CENPA,upregulated,MYCN
CENPA,upregulated,ZNF567
CENPA,upregulated,MSANTD4
CENPA,upregulated,MYOD1
CENPA,upregulated,HOXD12
CENPA,upregulated,RLF
CENPA,upregulated,TBX22
CENPA,upregulated,HOXD13
CENPA,upregulated,UBP1
CENPA,upregulated,ZNF322
CENPA,upregulated,ZBED4
CENPA,upregulated,ZNF480
CENPA,upregulated,THAP12
MYOG,upregulated,MYOG
MYOG,upregulated,SOHLH2
MYOG,upregulated,PAX7
MYOG,upregulated,MYOD1
GFI1,upregulated,IKZF1
GFI1,upregulated,GATA1
GFI1,upregulated,TBX21
ZNF695,upregulated,E2F2
ZNF695,upregulated,CDX4
ZNF695,upregulated,ZNF850
ZNF695,upregulated,PHOX2B
ZNF695,upregulated,ZNF90
ZNF695,upregulated,MAZ
ZNF695,upregulated,ZNF732
ZNF695,upregulated,LIN28A
ZNF695,upregulated,TFDP1
ZNF695,upregulated,ZNF138
ZNF695,upregulated,ZNF331
ZNF695,upregulated,ZNF511
ZNF695,upregulated,CENPA
ZNF695,upregulated,TEAD2
ZNF695,upregulated,ZNF695
ZNF695,upregulated,LIN28B
ZNF695,upregulated,POU5F1
ZNF695,upregulated,E2F8
ZNF695,upregulated,CBX2
ZNF695,upregulated,ZNF878
ZNF695,upregulated,HMX2
ZNF695,upregulated,HOXB1
ZNF695,upregulated,ZFP42
ZNF695,upregulated,E2F1
ZNF695,upregulated,THYN1
ZNF695,upregulated,ZNF675
ZNF695,upregulated,HMGA1
ZNF695,upregulated,MESP1
ZNF695,upregulated,MTF2
ZNF695,upregulated,ZIK1
ZNF695,upregulated,ZNF367
ZNF695,upregulated,ZNF43
ZNF695,upregulated,ZNF530
ZNF695,upregulated,NR2F6
ZNF695,upregulated,ZNF724
ZNF695,upregulated,ZNF718
ZNF695,upregulated,FOXH1
ZNF695,upregulated,FOXI3
ZNF695,upregulated,THAP10
ZNF695,upregulated,ZNF215
ZNF695,upregulated,MYCN
ZNF695,upregulated,NANOG
ZNF695,upregulated,ZNF98
ZNF695,upregulated,TCF3
ZNF695,upregulated,HMGN3
ZNF695,upregulated,ZNF101
ZNF695,upregulated,CREB3L4
ZNF695,upregulated,ZNF100
ZNF695,upregulated,SALL4
ZNF695,upregulated,ZNF730
ZNF695,upregulated,ZNF93
ZNF598,upregulated,ERF
ZNF598,upregulated,GLYR1
ZNF598,upregulated,SAFB2
ZNF598,upregulated,MAZ
ZNF598,upregulated,ELK1
ZNF598,upregulated,ZNF384
ZNF598,upregulated,TFDP1
ZNF598,upregulated,ZNF414
ZNF598,upregulated,ZBTB24
ZNF598,upregulated,PCGF6
ZNF598,upregulated,DR1
ZNF598,upregulated,ZNF207
ZNF598,upregulated,ZNF511
ZNF598,upregulated,THAP7
ZNF598,upregulated,TFAP4
ZNF598,upregulated,RELA
ZNF598,upregulated,GMEB2
ZNF598,upregulated,ZNF71
ZNF598,upregulated,FOXK2
ZNF598,upregulated,GATAD2A
ZNF598,upregulated,SNAPC2
ZNF598,upregulated,PRMT3
ZNF598,upregulated,CXXC1
ZNF598,upregulated,DEAF1
ZNF598,upregulated,AKAP8L
ZNF598,upregulated,DOT1L
ZNF598,upregulated,SNAPC4
ZNF598,upregulated,HIC2
ZNF598,upregulated,CBX2
ZNF598,upregulated,PREB
ZNF598,upregulated,ZNF689
ZNF598,upregulated,NRF1
ZNF598,upregulated,ZNF324B
ZNF598,upregulated,ZNF74
ZNF598,upregulated,ZNF213
ZNF598,upregulated,ZNF768
ZNF598,upregulated,SAFB
ZNF598,upregulated,ZNF202
ZNF598,upregulated,ZNF296
ZNF598,upregulated,TCF20
ZNF598,upregulated,ZNF574
ZNF598,upregulated,ZNF324
ZNF598,upregulated,ZGPAT
ZNF598,upregulated,POGK
ZNF598,upregulated,ZNF579
ZNF598,upregulated,ZNF142
ZNF598,upregulated,HSF1
ZNF598,upregulated,THAP4
ZNF598,upregulated,REXO4
ZNF598,upregulated,THAP3
ZNF598,upregulated,HMGA1
ZNF598,upregulated,HMG20B
ZNF598,upregulated,USF2
ZNF598,upregulated,ZNF749
ZNF598,upregulated,CENPT
ZNF598,upregulated,ZNF783
ZNF598,upregulated,ZNF326
ZNF598,upregulated,FOXM1
ZNF598,upregulated,CHCHD3
ZNF598,upregulated,ZNF512B
ZNF598,upregulated,THAP11
ZNF598,upregulated,NAIF1
ZNF598,upregulated,ZNF131
ZNF598,upregulated,ZNF576
ZNF598,upregulated,KLF16
ZNF598,upregulated,MBD3
ZNF598,upregulated,ATF1
ZNF598,upregulated,WIZ
ZNF598,upregulated,KMT2B
ZNF598,upregulated,E2F6
ZNF598,upregulated,ZNF317
ZNF598,upregulated,CEBPZ
ZNF598,upregulated,TEAD4
ZNF598,upregulated,MYPOP
ZNF598,upregulated,ZNF473
ZNF598,upregulated,CTCF
ZNF598,upregulated,ZBTB45
ZNF598,upregulated,MYBL2
ZNF598,upregulated,E2F4
ZNF598,upregulated,ZNF865
ZNF598,upregulated,ZNF205
ZNF598,upregulated,ZNF784
ZNF598,upregulated,ZNF526
ZNF598,upregulated,ZBTB9
ZNF598,upregulated,TCF3
ZNF598,upregulated,ZNF629
ZNF598,upregulated,TERF2
ZNF598,upregulated,ZBTB12
ZNF598,upregulated,ZNF672
ZNF598,upregulated,ESRRA
ZNF598,upregulated,ZNF668
ZNF598,upregulated,YBX1
ZNF598,upregulated,ZSCAN25
ZNF598,upregulated,ZNF121
ZNF598,upregulated,ZNF787
ZNF598,upregulated,REPIN1
ZNF598,upregulated,PIN1
ZNF598,upregulated,ZBED4
ZNF598,upregulated,MLX
ZNF598,upregulated,BRF2
ZNF598,upregulated,SRF
ZNF598,upregulated,CENPX
ZNF598,upregulated,PA2G4
MKX,upregulated,ZNF488
MKX,upregulated,ZMAT4
MKX,upregulated,FOXN3
MKX,upregulated,BARX2
MKX,upregulated,PAX2
MKX,upregulated,ZNF219
MKX,upregulated,IRX1
MKX,upregulated,NR3C1
MKX,upregulated,RXRG
MKX,upregulated,ZNF423
MKX,upregulated,TLX2
MKX,upregulated,FOXS1
MKX,upregulated,KLF9
MKX,upregulated,TCF4
MKX,upregulated,AHR
MKX,upregulated,SHOX2
MKX,upregulated,ZNF521
MKX,upregulated,SOX1
MKX,upregulated,FEZF1
MKX,upregulated,OSR1
MKX,upregulated,ZNF704
MKX,upregulated,PGR
MKX,upregulated,BNC1
MKX,upregulated,ZNF175
MKX,upregulated,ZNF510
MKX,upregulated,NR3C2
MKX,upregulated,MBNL2
MKX,upregulated,PBX3
MKX,upregulated,MKX
MKX,upregulated,LHX9
MKX,upregulated,TBX2
MKX,upregulated,ZNF880
MKX,upregulated,DPF3
MKX,upregulated,PAX6
MKX,upregulated,SIM2
MKX,upregulated,TBX18
MKX,upregulated,TBX4
MKX,upregulated,FOXC1
MKX,upregulated,HOXD1
MKX,upregulated,PRDM16
MKX,upregulated,TFAP2A
MKX,upregulated,HIF3A
MKX,upregulated,GTF2IRD2B
MKX,upregulated,NFIB
MKX,upregulated,HOXC8
MKX,upregulated,FOXL2
MKX,upregulated,FOXP2
MKX,upregulated,GLIS2
MKX,upregulated,DLX3
MKX,upregulated,SIX1
MKX,upregulated,ARNT
MKX,upregulated,ZFPM2
MKX,upregulated,ZNF596
MKX,upregulated,NR1H3
MKX,upregulated,ZNF365
MKX,upregulated,SOHLH2
MKX,upregulated,NR2F1
MKX,upregulated,PRRX2
MKX,upregulated,ZNF503
MKX,upregulated,ZNF699
MKX,upregulated,FOXC2
MKX,upregulated,HOXD10
MKX,upregulated,SOX9
MKX,upregulated,RFX2
MKX,upregulated,AHRR
MKX,upregulated,PAX3
MKX,upregulated,MBD2
MKX,upregulated,GATA5
MKX,upregulated,TCF21
MKX,upregulated,ZNF25
MKX,upregulated,TWIST2
MKX,upregulated,KLF17
MKX,upregulated,CSRNP3
MKX,upregulated,HOXA2
MKX,upregulated,ZNF69
MKX,upregulated,NPAS1
MKX,upregulated,DMBX1
MKX,upregulated,HOXA3
MKX,upregulated,HOXA4
MKX,upregulated,SIX2
MKX,upregulated,NPAS2
MKX,upregulated,FOXJ2
MKX,upregulated,HOXA5
MKX,upregulated,NR2E1
MKX,upregulated,MEIS2
MKX,upregulated,PITX3
MKX,upregulated,TFAP2B
MKX,upregulated,EBF2
MKX,upregulated,MEF2A
MKX,upregulated,ZFHX2
MKX,upregulated,PRRX1
MKX,upregulated,FOXF1
MKX,upregulated,SIX4
MKX,upregulated,NFATC4
MKX,upregulated,ZNF311
MKX,upregulated,ZIC4
MKX,upregulated,SIX5
MKX,upregulated,GLI2
MKX,upregulated,ZNF385D
MKX,upregulated,ZIC1
MKX,upregulated,ZNF135
MKX,upregulated,TCF7L1
MKX,upregulated,THRB
MKX,upregulated,SALL1
MKX,upregulated,VAX2
MKX,upregulated,KLF14
MKX,upregulated,EBF3
MKX,upregulated,FOXL1
MKX,upregulated,ZIC3
MKX,upregulated,PKNOX2
MKX,upregulated,LHX8
MKX,upregulated,RARB
MKX,upregulated,ZNF536
MKX,upregulated,DZIP1
MKX,upregulated,DMRTA1
MKX,upregulated,ALX4
MKX,upregulated,ALX1
MKX,upregulated,CREB5
MKX,upregulated,FOXF2
MKX,upregulated,SOX6
MKX,upregulated,ZNF804A
MKX,upregulated,PAX9
MKX,upregulated,ZNF415
MKX,upregulated,ISL1
MKX,upregulated,ZFHX4
MKX,upregulated,CREB3L1
MKX,upregulated,TRPS1
MKX,upregulated,GLIS3
MKX,upregulated,IRX6
MKX,upregulated,HEYL
MKX,upregulated,ZNF471
MKX,upregulated,ZBTB47
MKX,upregulated,GLIS1
MKX,upregulated,CPEB1
GMEB2,upregulated,ZNF598
GMEB2,upregulated,RELA
GMEB2,upregulated,GMEB2
GMEB2,upregulated,SNAPC4
GMEB2,upregulated,ZNF574
GMEB2,upregulated,ZNF324
GMEB2,upregulated,ZGPAT
GMEB2,upregulated,ZNF579
GMEB2,upregulated,ZNF628
GMEB2,upregulated,REXO4
GMEB2,upregulated,THAP3
GMEB2,upregulated,E4F1
GMEB2,upregulated,ZNF335
GMEB2,upregulated,ZNF707
GMEB2,upregulated,ZBTB45
GMEB2,upregulated,ZNF653
GMEB2,upregulated,ZNF787
GMEB2,upregulated,TIGD5
GMEB2,upregulated,ZNF408
SP6,upregulated,BARX2
SP6,upregulated,TFAP2C
SP6,upregulated,SP6
SP6,upregulated,MSX2
SP6,upregulated,GRHL3
SP6,upregulated,TFAP2A
SP6,upregulated,DLX3
SP6,upregulated,IRF6
SP6,upregulated,POU2F3
SP6,upregulated,HOXC13
SP6,upregulated,HES2
SP6,upregulated,RARG
SP6,upregulated,ZNF750
SP6,upregulated,OVOL2
SP6,upregulated,GRHL2
SP6,upregulated,FOXI1
SP6,upregulated,ELF3
SP6,upregulated,FOXN1
SP6,upregulated,ELF5
SP6,upregulated,HOXC11
TWIST1,upregulated,BARX2
TWIST1,upregulated,MEOX2
TWIST1,upregulated,IRX1
TWIST1,upregulated,PITX2
TWIST1,upregulated,DLX1
TWIST1,upregulated,STAT6
TWIST1,upregulated,HOXB4
TWIST1,upregulated,TCF4
TWIST1,upregulated,SHOX2
TWIST1,upregulated,ZNF521
TWIST1,upregulated,MKX
TWIST1,upregulated,HOXD4
TWIST1,upregulated,SETBP1
TWIST1,upregulated,TWIST1
TWIST1,upregulated,TGIF2LX
TWIST1,upregulated,TBX2
TWIST1,upregulated,ZNF436
TWIST1,upregulated,HOXD8
TWIST1,upregulated,OLIG3
TWIST1,upregulated,HOXD1
TWIST1,upregulated,PITX1
TWIST1,upregulated,HOXC8
TWIST1,upregulated,FOXL2
TWIST1,upregulated,FOXP2
TWIST1,upregulated,ZNF492
TWIST1,upregulated,SIX1
TWIST1,upregulated,ZFPM2
TWIST1,upregulated,BNC2
TWIST1,upregulated,ZNF503
TWIST1,upregulated,NFIX
TWIST1,upregulated,HOXD10
TWIST1,upregulated,NPAS4
TWIST1,upregulated,PRDM6
TWIST1,upregulated,FOXE1
TWIST1,upregulated,EN1
TWIST1,upregulated,TWIST2
TWIST1,upregulated,EMX2
TWIST1,upregulated,TBX15
TWIST1,upregulated,HOXA2
TWIST1,upregulated,HOXA3
TWIST1,upregulated,SIX2
TWIST1,upregulated,HAND2
TWIST1,upregulated,DACH2
TWIST1,upregulated,PRRX1
TWIST1,upregulated,FOXG1
TWIST1,upregulated,NFATC4
TWIST1,upregulated,HOXC9
TWIST1,upregulated,ZNF311
TWIST1,upregulated,NFIC
TWIST1,upregulated,HOXD11
TWIST1,upregulated,ZIC1
TWIST1,upregulated,SALL1
TWIST1,upregulated,VAX2
TWIST1,upregulated,EVX2
TWIST1,upregulated,AEBP1
TWIST1,upregulated,IRX3
TWIST1,upregulated,ZNF668
TWIST1,upregulated,HOXC6
TWIST1,upregulated,DZIP1
TWIST1,upregulated,MYOD1
TWIST1,upregulated,ALX4
TWIST1,upregulated,ALX1
TWIST1,upregulated,FOXF2
TWIST1,upregulated,HOXC5
TWIST1,upregulated,HOXB7
TWIST1,upregulated,PAX9
TWIST1,upregulated,ZFHX4
TWIST1,upregulated,CREB3L1
TWIST1,upregulated,TRPS1
TWIST1,upregulated,HOXA11
TWIST1,upregulated,ZNF471
TWIST1,upregulated,ZBTB47
TWIST1,upregulated,GLI1
TWIST1,upregulated,HOXD9
TWIST1,upregulated,MYF5
TWIST1,upregulated,EBF1
TWIST1,upregulated,GLI3
PLSCR1,upregulated,MSC
PLSCR1,upregulated,IRF2
PLSCR1,upregulated,IRF1
PLSCR1,upregulated,RBCK1
PLSCR1,upregulated,TSHZ3
PLSCR1,upregulated,PAX8
PLSCR1,upregulated,ZBTB46
PLSCR1,upregulated,TFEC
PLSCR1,upregulated,VDR
PLSCR1,upregulated,MITF
PLSCR1,upregulated,STAT6
PLSCR1,upregulated,RXRG
PLSCR1,upregulated,ZNF630
PLSCR1,upregulated,SOX5
PLSCR1,upregulated,ETV3L
PLSCR1,upregulated,TRAFD1
PLSCR1,upregulated,CEBPD
PLSCR1,upregulated,NR3C2
PLSCR1,upregulated,NFE2L3
PLSCR1,upregulated,AIRE
PLSCR1,upregulated,RELA
PLSCR1,upregulated,PLSCR1
PLSCR1,upregulated,SP140
PLSCR1,upregulated,SP100
PLSCR1,upregulated,SPI1
PLSCR1,upregulated,USF1
PLSCR1,upregulated,BCL6
PLSCR1,upregulated,SP140L
PLSCR1,upregulated,FOXO4
PLSCR1,upregulated,ETV7
PLSCR1,upregulated,NR1I2
PLSCR1,upregulated,ZSCAN31
PLSCR1,upregulated,BHLHE22
PLSCR1,upregulated,SIX1
PLSCR1,upregulated,IRF6
PLSCR1,upregulated,POU2F3
PLSCR1,upregulated,BATF
PLSCR1,upregulated,ZNF267
PLSCR1,upregulated,NR1H3
PLSCR1,upregulated,BHLHE41
PLSCR1,upregulated,IRF5
PLSCR1,upregulated,ZNF469
PLSCR1,upregulated,ESR2
PLSCR1,upregulated,PPARA
PLSCR1,upregulated,PPARD
PLSCR1,upregulated,HES2
PLSCR1,upregulated,ETV6
PLSCR1,upregulated,HLX
PLSCR1,upregulated,STAT2
PLSCR1,upregulated,TWIST2
PLSCR1,upregulated,HESX1
PLSCR1,upregulated,STAT3
PLSCR1,upregulated,RFX5
PLSCR1,upregulated,STAT5A
PLSCR1,upregulated,CASZ1
PLSCR1,upregulated,ZNF438
PLSCR1,upregulated,ARID5A
PLSCR1,upregulated,NPAS2
PLSCR1,upregulated,STAT4
PLSCR1,upregulated,TBX19
PLSCR1,upregulated,MAX
PLSCR1,upregulated,ZFHX2
PLSCR1,upregulated,PRRX1
PLSCR1,upregulated,NR1H4
PLSCR1,upregulated,FOXF1
PLSCR1,upregulated,ELF3
PLSCR1,upregulated,HDX
PLSCR1,upregulated,IRF9
PLSCR1,upregulated,ZNF277
PLSCR1,upregulated,LTF
PLSCR1,upregulated,NFKB1
PLSCR1,upregulated,L3MBTL4
PLSCR1,upregulated,IKZF2
PLSCR1,upregulated,PRDM8
PLSCR1,upregulated,EHF
PLSCR1,upregulated,BATF2
PLSCR1,upregulated,BATF3
PLSCR1,upregulated,RORB
PLSCR1,upregulated,SP110
PLSCR1,upregulated,RORC
PLSCR1,upregulated,STAT1
PLSCR1,upregulated,GLIS3
PLSCR1,upregulated,FOXD4L5
ZNF227,upregulated,ZNF260
SP140,upregulated,VENTX
SP140,upregulated,IRF8
SP140,upregulated,SP100
SP140,upregulated,SPI1
SP140,upregulated,IKZF1
SP140,upregulated,SP140L
SP140,upregulated,ETV7
SP140,upregulated,IRF9
SP140,upregulated,SCML4
SP140,upregulated,GFI1B
SP140,upregulated,BATF2
SP140,upregulated,SP110
SP140,upregulated,STAT1
SP100,upregulated,IRF2
SP100,upregulated,ZNF358
SP100,upregulated,GPBP1
SP100,upregulated,ELF1
SP100,upregulated,ZNF625
SP100,upregulated,ZFP57
SP100,upregulated,STAT6
SP100,upregulated,ZNF630
SP100,upregulated,ASCL2
SP100,upregulated,TCF4
SP100,upregulated,ZNF587B
SP100,upregulated,ZBTB42
SP100,upregulated,ZNF717
SP100,upregulated,ZNF510
SP100,upregulated,NFE2L3
SP100,upregulated,PLSCR1
SP100,upregulated,SP100
SP100,upregulated,ZNF860
SP100,upregulated,ZNF81
SP100,upregulated,USF1
SP100,upregulated,SP140L
SP100,upregulated,ZFY
SP100,upregulated,ZSCAN2
SP100,upregulated,ZNF224
SP100,upregulated,ZNF107
SP100,upregulated,NFIB
SP100,upregulated,NR1I2
SP100,upregulated,SIX1
SP100,upregulated,NR1H3
SP100,upregulated,TP63
SP100,upregulated,NFIX
SP100,upregulated,RFX7
SP100,upregulated,ETV6
SP100,upregulated,MBD2
SP100,upregulated,MTF2
SP100,upregulated,STAT2
SP100,upregulated,ZNF883
SP100,upregulated,ZHX3
SP100,upregulated,ZNF43
SP100,upregulated,CLOCK
SP100,upregulated,ELK4
SP100,upregulated,RFX5
SP100,upregulated,STAT5A
SP100,upregulated,GTF2I
SP100,upregulated,NFIA
SP100,upregulated,TIGD7
SP100,upregulated,GRHL2
SP100,upregulated,MYPOP
SP100,upregulated,SMAD1
SP100,upregulated,ZNF658
SP100,upregulated,MAX
SP100,upregulated,E2F4
SP100,upregulated,ZBTB33
SP100,upregulated,HDX
SP100,upregulated,ZNF485
SP100,upregulated,IRF9
SP100,upregulated,BAZ2B
SP100,upregulated,ZNF618
SP100,upregulated,POU2F1
SP100,upregulated,USF3
SP100,upregulated,ZNF780A
SP100,upregulated,ZNF100
SP100,upregulated,RORB
SP100,upregulated,SP110
SP100,upregulated,TET2
SP100,upregulated,NCOA2
SP100,upregulated,STAT1
SP100,upregulated,UBP1
SP100,upregulated,ZNF480
SP100,upregulated,PBX1
SP100,upregulated,CENPX
SP100,upregulated,GLI3
SP100,upregulated,FOXD4L5
PRMT3,upregulated,ZNF35
PRMT3,upregulated,GLYR1
PRMT3,upregulated,TP53
PRMT3,upregulated,GPBP1
PRMT3,upregulated,ZNF90
PRMT3,upregulated,ZNF732
PRMT3,upregulated,CDC5L
PRMT3,upregulated,ZNF714
PRMT3,upregulated,ZNF114
PRMT3,upregulated,TFDP1
PRMT3,upregulated,ZBTB24
PRMT3,upregulated,PCGF6
PRMT3,upregulated,TERF1
PRMT3,upregulated,DR1
PRMT3,upregulated,ZUP1
PRMT3,upregulated,CHAMP1
PRMT3,upregulated,MSANTD3
PRMT3,upregulated,ZNF830
PRMT3,upregulated,ZNF511
PRMT3,upregulated,ZNF587B
PRMT3,upregulated,ZNF695
PRMT3,upregulated,LIN28B
PRMT3,upregulated,ZFP91
PRMT3,upregulated,FOXK2
PRMT3,upregulated,GATAD2A
PRMT3,upregulated,ZNF860
PRMT3,upregulated,PRMT3
PRMT3,upregulated,KAT7
PRMT3,upregulated,E2F8
PRMT3,upregulated,PREB
PRMT3,upregulated,DNMT1
PRMT3,upregulated,TFCP2
PRMT3,upregulated,ZNF468
PRMT3,upregulated,MTERF3
PRMT3,upregulated,ZNF519
PRMT3,upregulated,ZNF492
PRMT3,upregulated,E2F1
PRMT3,upregulated,DRAP1
PRMT3,upregulated,THYN1
PRMT3,upregulated,ZBTB14
PRMT3,upregulated,FOSL1
PRMT3,upregulated,ZNF146
PRMT3,upregulated,E2F7
PRMT3,upregulated,THAP4
PRMT3,upregulated,REXO4
PRMT3,upregulated,HMGA1
PRMT3,upregulated,MYBL1
PRMT3,upregulated,ZNF706
PRMT3,upregulated,ZNF286A
PRMT3,upregulated,MTF2
PRMT3,upregulated,ZNF23
PRMT3,upregulated,KIN
PRMT3,upregulated,ZNF544
PRMT3,upregulated,ZNF367
PRMT3,upregulated,FOXM1
PRMT3,upregulated,CLOCK
PRMT3,upregulated,ZNF257
PRMT3,upregulated,ZNF530
PRMT3,upregulated,ZNF131
PRMT3,upregulated,ZNF576
PRMT3,upregulated,TBP
PRMT3,upregulated,ZNF724
PRMT3,upregulated,ZNF726
PRMT3,upregulated,ZNF143
PRMT3,upregulated,PRDM4
PRMT3,upregulated,NKRF
PRMT3,upregulated,THAP10
PRMT3,upregulated,E2F6
PRMT3,upregulated,MYC
PRMT3,upregulated,ZNF551
PRMT3,upregulated,CEBPZ
PRMT3,upregulated,ZNF473
PRMT3,upregulated,ZNF215
PRMT3,upregulated,ZHX1
PRMT3,upregulated,SMYD3
PRMT3,upregulated,MYBL2
PRMT3,upregulated,NME2
PRMT3,upregulated,TBPL1
PRMT3,upregulated,TTF1
PRMT3,upregulated,KCMF1
PRMT3,upregulated,CENPS
PRMT3,upregulated,ZFP1
PRMT3,upregulated,AHCTF1
PRMT3,upregulated,MTERF1
PRMT3,upregulated,ADNP2
PRMT3,upregulated,NFYA
PRMT3,upregulated,HMGN3
PRMT3,upregulated,TERF2
PRMT3,upregulated,GTF2B
PRMT3,upregulated,ZNF678
PRMT3,upregulated,YBX1
PRMT3,upregulated,ZFP69
PRMT3,upregulated,BATF3
PRMT3,upregulated,ZNF788P
PRMT3,upregulated,HSF5
PRMT3,upregulated,ZBED4
PRMT3,upregulated,ZNF480
PRMT3,upregulated,BRF2
PRMT3,upregulated,ZNF93
PRMT3,upregulated,ZNF124
PRMT3,upregulated,E2F3
PRMT3,upregulated,CENPX
PRMT3,upregulated,PA2G4
PRMT3,upregulated,THAP12
PRMT3,upregulated,CREM
USF1,upregulated,SETDB2
USF1,upregulated,THAP8
KLF6,upregulated,MEF2D
KLF6,upregulated,NAIF1
ZBTB21,upregulated,ZNF597
ZBTB21,upregulated,ZNF292
ZBTB21,upregulated,ZNF460
ZBTB21,upregulated,ZNF654
ZBTB21,upregulated,MEF2D
ZBTB21,upregulated,ZNF841
ZBTB21,upregulated,ETV3
ZBTB21,upregulated,ZNF800
ZBTB21,upregulated,ZNF674
ZBTB21,upregulated,ZBTB21
ZBTB21,upregulated,ZNF805
ZBTB21,upregulated,ZNF596
ZBTB21,upregulated,REL
ZBTB21,upregulated,ZBTB6
ZBTB21,upregulated,RBAK
ZBTB21,upregulated,DDIT3
ZBTB21,upregulated,ZBTB43
ZBTB21,upregulated,ZIM3
ZBTB21,upregulated,THAP2
ZBTB21,upregulated,ZNF461
ZBTB21,upregulated,MEF2A
ZBTB21,upregulated,ZNF140
ZBTB21,upregulated,PRDM2
ZBTB21,upregulated,ZNF394
ZBTB21,upregulated,TMF1
ZBTB21,upregulated,BACH1
ZBTB21,upregulated,ZNF773
ZBTB21,upregulated,DUXA
ZBTB21,upregulated,EGR4
ZBTB21,upregulated,ZNF432
ZBTB21,upregulated,RLF
ZBTB21,upregulated,MXD1
ZNF831,upregulated,ZNF831
SP140L,upregulated,IRF1
SP140L,upregulated,IRF4
SP140L,upregulated,IRF7
SP140L,upregulated,IRF8
SP140L,upregulated,SP140
SP140L,upregulated,SP100
SP140L,upregulated,USF1
SP140L,upregulated,IKZF1
SP140L,upregulated,SP140L
SP140L,upregulated,PAX5
SP140L,upregulated,ZNF276
SP140L,upregulated,ETV7
SP140L,upregulated,ESR2
SP140L,upregulated,RHOXF2
SP140L,upregulated,SPIC
SP140L,upregulated,IRF3
SP140L,upregulated,IRF9
SP140L,upregulated,SCML4
SP140L,upregulated,ZNF101
SP140L,upregulated,GFI1B
SP140L,upregulated,POU2AF1
SP140L,upregulated,BATF2
SP140L,upregulated,ZNF792
SP140L,upregulated,SP110
SP140L,upregulated,STAT1
SP140L,upregulated,HSF5
TEAD3,upregulated,CUX1
TEAD3,upregulated,FOXS1
TEAD3,upregulated,TEAD3
TEAD3,upregulated,GLIS2
TEAD3,upregulated,MEIS3
TEAD3,upregulated,ZBTB4
TEAD3,upregulated,GLIS3
TEAD3,upregulated,FOSL2
ZFY,upregulated,SRY
LYL1,upregulated,KLF1
LYL1,upregulated,GATA1
LYL1,upregulated,TAL1
LYL1,upregulated,RHOXF2B
LYL1,upregulated,GFI1B
TBX18,upregulated,TSHZ3
TBX18,upregulated,FOXS1
TBX18,upregulated,SOX1
TBX18,upregulated,OSR1
TBX18,upregulated,BNC1
TBX18,upregulated,ZNF154
TBX18,upregulated,MKX
TBX18,upregulated,LHX9
TBX18,upregulated,TBX18
TBX18,upregulated,DBX2
TBX18,upregulated,HOXD1
TBX18,upregulated,PRDM16
TBX18,upregulated,ZNF385B
TBX18,upregulated,ZFPM2
TBX18,upregulated,ERG
TBX18,upregulated,PRRX2
TBX18,upregulated,ALX3
TBX18,upregulated,EN1
TBX18,upregulated,TWIST2
TBX18,upregulated,TBX15
TBX18,upregulated,SIX2
TBX18,upregulated,DACH2
TBX18,upregulated,TFAP2B
TBX18,upregulated,EBF2
TBX18,upregulated,ZIC4
TBX18,upregulated,GLI2
TBX18,upregulated,ZIC1
TBX18,upregulated,THRB
TBX18,upregulated,AEBP1
TBX18,upregulated,TBX5
TBX18,upregulated,PKNOX2
TBX18,upregulated,RARB
TBX18,upregulated,ZNF536
TBX18,upregulated,DZIP1
TBX18,upregulated,ALX4
TBX18,upregulated,FOXF2
TBX18,upregulated,ZFHX4
TBX18,upregulated,CREB3L1
TBX18,upregulated,ZNF471
TBX18,upregulated,GLIS1
TBX18,upregulated,MYF5
TBX18,upregulated,EBF1
ZNF878,upregulated,CDX4
ZNF878,upregulated,ZNF850
ZNF878,upregulated,ZNF90
ZNF878,upregulated,ZNF732
ZNF878,upregulated,ZFP57
ZNF878,upregulated,CDC5L
ZNF878,upregulated,NR2C1
ZNF878,upregulated,LIN28A
ZNF878,upregulated,ZNF813
ZNF878,upregulated,ZNF670
ZNF878,upregulated,PCGF6
ZNF878,upregulated,ZNF207
ZNF878,upregulated,ZNF138
ZNF878,upregulated,ZNF680
ZNF878,upregulated,PRDM5
ZNF878,upregulated,TEAD2
ZNF878,upregulated,ZNF695
ZNF878,upregulated,LIN28B
ZNF878,upregulated,POU5F1
ZNF878,upregulated,ZNF860
ZNF878,upregulated,ZBTB2
ZNF878,upregulated,ZNF799
ZNF878,upregulated,CBX2
ZNF878,upregulated,NRF1
ZNF878,upregulated,ZNF519
ZNF878,upregulated,PRDM10
ZNF878,upregulated,ZNF486
ZNF878,upregulated,THYN1
ZNF878,upregulated,ZBTB14
ZNF878,upregulated,ZSCAN10
ZNF878,upregulated,PRRX2
ZNF878,upregulated,ZNF681
ZNF878,upregulated,ZNF141
ZNF878,upregulated,ZNF675
ZNF878,upregulated,MYBL1
ZNF878,upregulated,RFX7
ZNF878,upregulated,MBD2
ZNF878,upregulated,ZIK1
ZNF878,upregulated,FOXM1
ZNF878,upregulated,HESX1
ZNF878,upregulated,ZNF43
ZNF878,upregulated,ZNF257
ZNF878,upregulated,ZNF724
ZNF878,upregulated,ZNF22
ZNF878,upregulated,ZNF66
ZNF878,upregulated,TEAD4
ZNF878,upregulated,CTCF
ZNF878,upregulated,TTF1
ZNF878,upregulated,MYCN
ZNF878,upregulated,AEBP2
ZNF878,upregulated,ZNF485
ZNF878,upregulated,AHCTF1
ZNF878,upregulated,ZNF92
ZNF878,upregulated,E2F5
ZNF878,upregulated,ADNP2
ZNF878,upregulated,ETV2
ZNF878,upregulated,HMGN3
ZNF878,upregulated,POU2F1
ZNF878,upregulated,ZNF101
ZNF878,upregulated,ZFP69
ZNF878,upregulated,ZNF280C
ZNF878,upregulated,CREB3L4
ZNF878,upregulated,ZNF180
ZNF878,upregulated,SALL4
ZNF878,upregulated,ZNF730
ZNF878,upregulated,ZNF788P
ZNF878,upregulated,KDM2B
ZNF878,upregulated,E2F3
ELF4,upregulated,NFE4
DNMT1,upregulated,E2F2
DNMT1,upregulated,RFX8
DNMT1,upregulated,CENPA
DNMT1,upregulated,ZNF695
DNMT1,upregulated,E2F8
DNMT1,upregulated,MYBL1
DNMT1,upregulated,MXD3
DNMT1,upregulated,ZNF530
DNMT1,upregulated,ZNF788P
GRHL3,upregulated,ZNF488
GRHL3,upregulated,SOX7
GRHL3,upregulated,ZBTB7C
GRHL3,upregulated,ZNF750
GRHL3,upregulated,OVOL2
GRHL3,upregulated,GRHL1
NEUROD6,upregulated,NEUROD6
NEUROD6,upregulated,DACH2
NEUROD6,upregulated,MYT1L
NEUROD6,upregulated,NEUROD2
SAFB,upregulated,CXXC1
SAFB,upregulated,ZNF205
ZBTB17,upregulated,NR1H2
ZBTB17,upregulated,ZNF524
ZBTB17,upregulated,THAP7
ZBTB17,upregulated,ZNF598
ZBTB17,upregulated,CXXC1
ZBTB17,upregulated,SNAPC4
ZBTB17,upregulated,ZBTB17
ZBTB17,upregulated,ZNF628
ZBTB17,upregulated,HSF1
ZBTB17,upregulated,THAP4
ZBTB17,upregulated,E4F1
ZBTB17,upregulated,USF2
ZBTB17,upregulated,ZNF335
ZBTB17,upregulated,MBD3
ZBTB17,upregulated,ZNF865
ZBTB17,upregulated,IRF3
ZBTB17,upregulated,ZNF668
ZBTB17,upregulated,ZNF787
ZBTB17,upregulated,TIGD5
CREB3L2,upregulated,ZBTB38
CREB3L2,upregulated,CREB3
CREB3L2,upregulated,CREB3L2
CREB3L2,upregulated,SIX6
MTERF3,upregulated,ZBTB24
MTERF3,upregulated,PCGF6
MTERF3,upregulated,ZC3H8
MTERF3,upregulated,PRMT3
MTERF3,upregulated,ZNF202
MTERF3,upregulated,THAP5
MTERF3,upregulated,THYN1
MTERF3,upregulated,ZNF131
MTERF3,upregulated,ZNF639
MTERF3,upregulated,KCMF1
MTERF3,upregulated,CENPS
MTERF3,upregulated,MTERF1
MTERF3,upregulated,ZNF121
MTERF3,upregulated,ZNF480
GLIS2,upregulated,ZNF488
GLIS2,upregulated,TP53
GLIS2,upregulated,FOXN3
GLIS2,upregulated,ZFP57
GLIS2,upregulated,MEOX2
GLIS2,upregulated,CUX1
GLIS2,upregulated,SOX12
GLIS2,upregulated,SGSM2
GLIS2,upregulated,ZBTB7C
GLIS2,upregulated,MITF
GLIS2,upregulated,TFDP1
GLIS2,upregulated,LBX1
GLIS2,upregulated,TCF4
GLIS2,upregulated,ZNF521
GLIS2,upregulated,OSR1
GLIS2,upregulated,PRDM5
GLIS2,upregulated,TEAD2
GLIS2,upregulated,ATOH8
GLIS2,upregulated,PBX3
GLIS2,upregulated,SETBP1
GLIS2,upregulated,SP100
GLIS2,upregulated,LHX9
GLIS2,upregulated,THRA
GLIS2,upregulated,TP73
GLIS2,upregulated,TEAD3
GLIS2,upregulated,CBX2
GLIS2,upregulated,DBX2
GLIS2,upregulated,TBX4
GLIS2,upregulated,PRDM16
GLIS2,upregulated,ZNF446
GLIS2,upregulated,PITX1
GLIS2,upregulated,NFIB
GLIS2,upregulated,GLIS2
GLIS2,upregulated,ARNT
GLIS2,upregulated,HMG20A
GLIS2,upregulated,BNC2
GLIS2,upregulated,SLC2A4RG
GLIS2,upregulated,NR2F1
GLIS2,upregulated,ZNF469
GLIS2,upregulated,SOX4
GLIS2,upregulated,ERG
GLIS2,upregulated,PRRX2
GLIS2,upregulated,TP63
GLIS2,upregulated,ALX3
GLIS2,upregulated,ZNF362
GLIS2,upregulated,KCNIP3
GLIS2,upregulated,ETV6
GLIS2,upregulated,MBD2
GLIS2,upregulated,CENPT
GLIS2,upregulated,RARG
GLIS2,upregulated,EN1
GLIS2,upregulated,STAT2
GLIS2,upregulated,FOXM1
GLIS2,upregulated,ZHX3
GLIS2,upregulated,TBX15
GLIS2,upregulated,ZNF512B
GLIS2,upregulated,MXD3
GLIS2,upregulated,RXRA
GLIS2,upregulated,ZNF69
GLIS2,upregulated,MXD4
GLIS2,upregulated,NACC2
GLIS2,upregulated,ZNF22
GLIS2,upregulated,ZBTB4
GLIS2,upregulated,MLXIP
GLIS2,upregulated,SMYD3
GLIS2,upregulated,MYBL2
GLIS2,upregulated,CXXC5
GLIS2,upregulated,SIX5
GLIS2,upregulated,GLI2
GLIS2,upregulated,ZNF608
GLIS2,upregulated,TCF7L1
GLIS2,upregulated,VAX2
GLIS2,upregulated,ZNF117
GLIS2,upregulated,AEBP1
GLIS2,upregulated,IRX3
GLIS2,upregulated,MYRF
GLIS2,upregulated,FOXL1
GLIS2,upregulated,PKNOX2
GLIS2,upregulated,RARB
GLIS2,upregulated,LHX2
GLIS2,upregulated,YBX1
GLIS2,upregulated,ZNF618
GLIS2,upregulated,ALX4
GLIS2,upregulated,HOXB6
GLIS2,upregulated,FOXF2
GLIS2,upregulated,HOXB3
GLIS2,upregulated,CREB3L1
GLIS2,upregulated,SALL4
GLIS2,upregulated,ZFHX3
GLIS2,upregulated,ZBTB47
GLIS2,upregulated,NR2F2
GLIS2,upregulated,SCMH1
GLIS2,upregulated,GLMP
GLIS2,upregulated,GLI3
E2F1,upregulated,ZNF850
E2F1,upregulated,ZNF90
E2F1,upregulated,ZNF732
E2F1,upregulated,CDC5L
E2F1,upregulated,ZNF714
E2F1,upregulated,LIN28A
E2F1,upregulated,ZNF138
E2F1,upregulated,CENPA
E2F1,upregulated,LIN28B
E2F1,upregulated,FOXK2
E2F1,upregulated,PRMT3
E2F1,upregulated,KAT7
E2F1,upregulated,MTERF3
E2F1,upregulated,ZNF519
E2F1,upregulated,DPF1
E2F1,upregulated,FOXM1
E2F1,upregulated,ZNF43
E2F1,upregulated,ZNF530
E2F1,upregulated,MBD3
E2F1,upregulated,ZNF724
E2F1,upregulated,NKRF
E2F1,upregulated,CEBPZ
E2F1,upregulated,ZNF232
E2F1,upregulated,ZNF678
E2F1,upregulated,ZNF730
IRF6,upregulated,ZNF488
IRF6,upregulated,BARX2
IRF6,upregulated,IRX2
IRF6,upregulated,HOXB1
IRF6,upregulated,DLX3
IRF6,upregulated,DMRTB1
IRF6,upregulated,DLX5
IRF6,upregulated,PDX1
IRF6,upregulated,FOXI3
IRF6,upregulated,GRHL2
IRF6,upregulated,EVX1
IRF6,upregulated,CDX1
IRF6,upregulated,ASCL5
BATF,upregulated,ZNF831
BATF,upregulated,FOXP3
BATF,upregulated,ZNF683
ZNF267,upregulated,ZNF274
ZNF267,upregulated,IRF2
ZNF267,upregulated,IRF1
ZNF267,upregulated,ZBTB39
ZNF267,upregulated,SAFB2
ZNF267,upregulated,ATF5
ZNF267,upregulated,ZNF292
ZNF267,upregulated,RBCK1
ZNF267,upregulated,GPBP1
ZNF267,upregulated,ELF1
ZNF267,upregulated,NFAT5
ZNF267,upregulated,IRF4
ZNF267,upregulated,TFEC
ZNF267,upregulated,ZNF791
ZNF267,upregulated,RELB
ZNF267,upregulated,ETS2
ZNF267,upregulated,ZNF350
ZNF267,upregulated,IRF7
ZNF267,upregulated,NR4A2
ZNF267,upregulated,ZNF670
ZNF267,upregulated,ZBTB24
ZNF267,upregulated,NR4A3
ZNF267,upregulated,TRAFD1
ZNF267,upregulated,IRF8
ZNF267,upregulated,ZNF654
ZNF267,upregulated,CSRNP1
ZNF267,upregulated,CSRNP2
ZNF267,upregulated,ZBTB40
ZNF267,upregulated,ZNF410
ZNF267,upregulated,ETV3
ZNF267,upregulated,NFE2L3
ZNF267,upregulated,RELA
ZNF267,upregulated,ZNF800
ZNF267,upregulated,SETDB2
ZNF267,upregulated,PLSCR1
ZNF267,upregulated,SP100
ZNF267,upregulated,ATF4
ZNF267,upregulated,USF1
ZNF267,upregulated,ZNF674
ZNF267,upregulated,CEBPG
ZNF267,upregulated,ZBTB2
ZNF267,upregulated,ZBTB21
ZNF267,upregulated,ZNF613
ZNF267,upregulated,ZNF805
ZNF267,upregulated,ZBTB5
ZNF267,upregulated,SP140L
ZNF267,upregulated,GMEB1
ZNF267,upregulated,TOPORS
ZNF267,upregulated,HINFP
ZNF267,upregulated,BBX
ZNF267,upregulated,ZBTB32
ZNF267,upregulated,ZNF224
ZNF267,upregulated,ZFX
ZNF267,upregulated,ZNF107
ZNF267,upregulated,ZBTB17
ZNF267,upregulated,THAP6
ZNF267,upregulated,MYB
ZNF267,upregulated,CREB1
ZNF267,upregulated,ZNF296
ZNF267,upregulated,ETV7
ZNF267,upregulated,ZBTB11
ZNF267,upregulated,GZF1
ZNF267,upregulated,VEZF1
ZNF267,upregulated,ZNF267
ZNF267,upregulated,NFKB2
ZNF267,upregulated,TCF20
ZNF267,upregulated,FOXN2
ZNF267,upregulated,ZBTB10
ZNF267,upregulated,MAFG
ZNF267,upregulated,KDM2A
ZNF267,upregulated,MAFF
ZNF267,upregulated,ETV6
ZNF267,upregulated,MTF1
ZNF267,upregulated,MTF2
ZNF267,upregulated,KIN
ZNF267,upregulated,STAT2
ZNF267,upregulated,STAT3
ZNF267,upregulated,ZNF14
ZNF267,upregulated,ZNF24
ZNF267,upregulated,ZNF543
ZNF267,upregulated,SKIL
ZNF267,upregulated,ZBTB34
ZNF267,upregulated,ELK4
ZNF267,upregulated,RFX5
ZNF267,upregulated,STAT5A
ZNF267,upregulated,HIVEP2
ZNF267,upregulated,ZNF438
ZNF267,upregulated,ARID5A
ZNF267,upregulated,ZBTB43
ZNF267,upregulated,PLAGL2
ZNF267,upregulated,ZNF586
ZNF267,upregulated,NFXL1
ZNF267,upregulated,ZHX2
ZNF267,upregulated,E2F6
ZNF267,upregulated,ZNF317
ZNF267,upregulated,TGIF2
ZNF267,upregulated,TBX19
ZNF267,upregulated,MAX
ZNF267,upregulated,E2F4
ZNF267,upregulated,ZBTB33
ZNF267,upregulated,TBPL1
ZNF267,upregulated,ZKSCAN5
ZNF267,upregulated,ZNF697
ZNF267,upregulated,HDX
ZNF267,upregulated,ARID3B
ZNF267,upregulated,ZNF140
ZNF267,upregulated,SON
ZNF267,upregulated,ZNF394
ZNF267,upregulated,IRF9
ZNF267,upregulated,AHCTF1
ZNF267,upregulated,ZNF136
ZNF267,upregulated,ZNF277
ZNF267,upregulated,MTERF1
ZNF267,upregulated,NFKB1
ZNF267,upregulated,ZNF222
ZNF267,upregulated,GTF2B
ZNF267,upregulated,EGR4
ZNF267,upregulated,IKZF4
ZNF267,upregulated,POU2F1
ZNF267,upregulated,ZNF200
ZNF267,upregulated,XBP1
ZNF267,upregulated,BAZ2A
ZNF267,upregulated,THAP1
ZNF267,upregulated,NFIL3
ZNF267,upregulated,USF3
ZNF267,upregulated,HIVEP1
ZNF267,upregulated,BATF3
ZNF267,upregulated,SPEN
ZNF267,upregulated,SP110
ZNF267,upregulated,TET2
ZNF267,upregulated,STAT1
ZNF267,upregulated,ZNF710
ZNF267,upregulated,ZNF408
ZNF267,upregulated,ZNF766
ZNF267,upregulated,ZNF79
ZNF267,upregulated,ATF3
ZNF267,upregulated,E2F3
ZNF267,upregulated,MXD1
ZNF267,upregulated,CREM
BNC2,upregulated,ZNF546
BNC2,upregulated,ZNF154
BNC2,upregulated,ZNF577
BNC2,upregulated,TBX4
BNC2,upregulated,ZNF491
BNC2,upregulated,ZBTB44
BNC2,upregulated,ZKSCAN7
BNC2,upregulated,ZNF236
BNC2,upregulated,CSRNP3
BNC2,upregulated,DBP
BNC2,upregulated,ZKSCAN8
BNC2,upregulated,ZBED3
DPF1,upregulated,PRDM14
DPF1,upregulated,ZBTB8B
DPF1,upregulated,POU3F4
DPF1,upregulated,HES3
DPF1,upregulated,NEUROD6
DPF1,upregulated,DPF1
DPF1,upregulated,NEUROG1
DPF1,upregulated,ZSCAN10
DPF1,upregulated,NANOG
NFKB2,upregulated,REL
JUNB,upregulated,EGR3
JUNB,upregulated,SNAI1
JUNB,upregulated,ZNF274
JUNB,upregulated,IRF1
JUNB,upregulated,ZNF597
JUNB,upregulated,HES1
JUNB,upregulated,GPBP1
JUNB,upregulated,ZNF460
JUNB,upregulated,ZNF280A
JUNB,upregulated,RELB
JUNB,upregulated,ETS2
JUNB,upregulated,ZNF350
JUNB,upregulated,IRF7
JUNB,upregulated,NR4A2
JUNB,upregulated,ZNF670
JUNB,upregulated,HES4
JUNB,upregulated,NR1D2
JUNB,upregulated,OVOL1
JUNB,upregulated,ZNF264
JUNB,upregulated,NR1H2
JUNB,upregulated,ZUP1
JUNB,upregulated,NR4A3
JUNB,upregulated,IKZF5
JUNB,upregulated,MSANTD3
JUNB,upregulated,ZNF654
JUNB,upregulated,KLF10
JUNB,upregulated,ZNF319
JUNB,upregulated,CSRNP1
JUNB,upregulated,ZNF211
JUNB,upregulated,MEF2D
JUNB,upregulated,KLF2
JUNB,upregulated,CSRNP2
JUNB,upregulated,ZBTB1
JUNB,upregulated,ZNF425
JUNB,upregulated,FOXB1
JUNB,upregulated,ETV3
JUNB,upregulated,RELA
JUNB,upregulated,MAFA
JUNB,upregulated,ATF4
JUNB,upregulated,ZNF674
JUNB,upregulated,KLF6
JUNB,upregulated,CEBPG
JUNB,upregulated,ZBTB2
JUNB,upregulated,ZBTB21
JUNB,upregulated,ZNF805
JUNB,upregulated,ZBTB5
JUNB,upregulated,SOX30
JUNB,upregulated,AKAP8L
JUNB,upregulated,GMEB1
JUNB,upregulated,TOPORS
JUNB,upregulated,ZNF155
JUNB,upregulated,HINFP
JUNB,upregulated,JUND
JUNB,upregulated,KLF5
JUNB,upregulated,LIN54
JUNB,upregulated,ZNF878
JUNB,upregulated,FOS
JUNB,upregulated,JUN
JUNB,upregulated,ZBTB17
JUNB,upregulated,ZNF844
JUNB,upregulated,ZNF296
JUNB,upregulated,ZBTB41
JUNB,upregulated,ZBTB11
JUNB,upregulated,GZF1
JUNB,upregulated,DLX3
JUNB,upregulated,ZBED9
JUNB,upregulated,ZNF267
JUNB,upregulated,ZNF596
JUNB,upregulated,ZBTB48
JUNB,upregulated,TGIF1
JUNB,upregulated,REL
JUNB,upregulated,ZNF451
JUNB,upregulated,NFKB2
JUNB,upregulated,TSC22D1
JUNB,upregulated,JUNB
JUNB,upregulated,FOSL1
JUNB,upregulated,KLF4
JUNB,upregulated,ZSCAN10
JUNB,upregulated,ZXDC
JUNB,upregulated,ZNF761
JUNB,upregulated,ZBTB10
JUNB,upregulated,ZNF324
JUNB,upregulated,MAFG
JUNB,upregulated,ZBTB6
JUNB,upregulated,BARHL2
JUNB,upregulated,ZNF699
JUNB,upregulated,PHF1
JUNB,upregulated,POU3F1
JUNB,upregulated,RBAK
JUNB,upregulated,ZNF669
JUNB,upregulated,MAFF
JUNB,upregulated,ZNF335
JUNB,upregulated,CEBPB
JUNB,upregulated,DDIT3
JUNB,upregulated,GCM1
JUNB,upregulated,ZNF23
JUNB,upregulated,KIN
JUNB,upregulated,FOXD1
JUNB,upregulated,THAP9
JUNB,upregulated,EGR1
JUNB,upregulated,ZNF416
JUNB,upregulated,KLF11
JUNB,upregulated,SKIL
JUNB,upregulated,ZNF34
JUNB,upregulated,HIVEP2
JUNB,upregulated,ARID5A
JUNB,upregulated,ZBTB43
JUNB,upregulated,THAP2
JUNB,upregulated,ZNF461
JUNB,upregulated,FOXI3
JUNB,upregulated,ZNF143
JUNB,upregulated,FOXJ1
JUNB,upregulated,THAP10
JUNB,upregulated,E2F6
JUNB,upregulated,ZNF317
JUNB,upregulated,ZNF10
JUNB,upregulated,NR1D1
JUNB,upregulated,LHX3
JUNB,upregulated,ZNF621
JUNB,upregulated,NR4A1
JUNB,upregulated,ZNF547
JUNB,upregulated,EGR2
JUNB,upregulated,ZNF653
JUNB,upregulated,RBPJL
JUNB,upregulated,SIX4
JUNB,upregulated,TBPL1
JUNB,upregulated,KCMF1
JUNB,upregulated,ELF3
JUNB,upregulated,ZNF697
JUNB,upregulated,ARID3B
JUNB,upregulated,PRDM2
JUNB,upregulated,ZNF394
JUNB,upregulated,NFE2L2
JUNB,upregulated,TMF1
JUNB,upregulated,BACH1
JUNB,upregulated,NFKB1
JUNB,upregulated,ZNF222
JUNB,upregulated,ZNF92
JUNB,upregulated,ZNF773
JUNB,upregulated,MAFK
JUNB,upregulated,GTF2B
JUNB,upregulated,EGR4
JUNB,upregulated,ZNF432
JUNB,upregulated,ZNF764
JUNB,upregulated,ZBTB49
JUNB,upregulated,KLF7
JUNB,upregulated,DLX2
JUNB,upregulated,ZNF121
JUNB,upregulated,ZNF200
JUNB,upregulated,XBP1
JUNB,upregulated,RLF
JUNB,upregulated,MNT
JUNB,upregulated,ZNF26
JUNB,upregulated,THAP1
JUNB,upregulated,NFIL3
JUNB,upregulated,HIVEP1
JUNB,upregulated,FOSB
JUNB,upregulated,ZNF787
JUNB,upregulated,HBP1
JUNB,upregulated,BHLHE40
JUNB,upregulated,MYNN
JUNB,upregulated,ZNF165
JUNB,upregulated,FOSL2
JUNB,upregulated,ZNF408
JUNB,upregulated,KLF3
JUNB,upregulated,ZNF79
JUNB,upregulated,ATF3
JUNB,upregulated,SRF
JUNB,upregulated,MXD1
JUNB,upregulated,CREM
ZNF365,upregulated,ZNF804B
ZNF365,upregulated,MYT1L
ZNF146,upregulated,CDC5L
ZNF146,upregulated,CHAMP1
ZNF146,upregulated,LIN28B
ZNF146,upregulated,PRMT3
ZNF146,upregulated,NRF1
ZNF146,upregulated,DNMT1
ZNF146,upregulated,ZNF614
ZNF146,upregulated,NKRF
ZNF146,upregulated,FOXR2
ZNF146,upregulated,NME2
ZNF146,upregulated,TTF1
E2F7,upregulated,PRR12
E2F7,upregulated,CDX4
E2F7,upregulated,ZNF219
E2F7,upregulated,NEUROD1
E2F7,upregulated,ZNF90
E2F7,upregulated,RAX
E2F7,upregulated,ZNF732
E2F7,upregulated,ZNF599
E2F7,upregulated,SOX12
E2F7,upregulated,ZNF813
E2F7,upregulated,ZNF138
E2F7,upregulated,PRDM14
E2F7,upregulated,ZNF511
E2F7,upregulated,SP9
E2F7,upregulated,ZNF680
E2F7,upregulated,HNF1A
E2F7,upregulated,SOX14
E2F7,upregulated,PRDM5
E2F7,upregulated,CENPA
E2F7,upregulated,ZNF695
E2F7,upregulated,THAP7
E2F7,upregulated,LIN28B
E2F7,upregulated,POU5F1
E2F7,upregulated,ZBTB8B
E2F7,upregulated,FOXK2
E2F7,upregulated,ZNF649
E2F7,upregulated,PRMT3
E2F7,upregulated,HMX1
E2F7,upregulated,HIC2
E2F7,upregulated,FOXD3
E2F7,upregulated,IRX2
E2F7,upregulated,DBX2
E2F7,upregulated,ZNF878
E2F7,upregulated,UNCX
E2F7,upregulated,OLIG3
E2F7,upregulated,OTX2
E2F7,upregulated,ZNF324B
E2F7,upregulated,ZNF334
E2F7,upregulated,ZNF888
E2F7,upregulated,MTERF2
E2F7,upregulated,MTERF3
E2F7,upregulated,ZNF519
E2F7,upregulated,HOXB1
E2F7,upregulated,ZNF492
E2F7,upregulated,ZNF486
E2F7,upregulated,SP8
E2F7,upregulated,ZNF7
E2F7,upregulated,NEUROG1
E2F7,upregulated,NR6A1
E2F7,upregulated,SOHLH2
E2F7,upregulated,ONECUT1
E2F7,upregulated,FOXN4
E2F7,upregulated,ZNF681
E2F7,upregulated,ZNF141
E2F7,upregulated,ZNF675
E2F7,upregulated,MESP1
E2F7,upregulated,ZNF43
E2F7,upregulated,ZNF823
E2F7,upregulated,SIX6
E2F7,upregulated,ASCL1
E2F7,upregulated,ZNF257
E2F7,upregulated,ZNF530
E2F7,upregulated,MBD3
E2F7,upregulated,FOXE3
E2F7,upregulated,WIZ
E2F7,upregulated,NR0B1
E2F7,upregulated,ZNF724
E2F7,upregulated,ZNF718
E2F7,upregulated,OVOL2
E2F7,upregulated,FOXH1
E2F7,upregulated,FOXI3
E2F7,upregulated,ZNF66
E2F7,upregulated,ZBTB3
E2F7,upregulated,ZNF551
E2F7,upregulated,MSGN1
E2F7,upregulated,SIX4
E2F7,upregulated,TET1
E2F7,upregulated,ZNF692
E2F7,upregulated,FOXI2
E2F7,upregulated,ATOH1
E2F7,upregulated,ZNF98
E2F7,upregulated,VAX2
E2F7,upregulated,ZNF711
E2F7,upregulated,ETV2
E2F7,upregulated,SOX3
E2F7,upregulated,ZBTB12
E2F7,upregulated,POU2F1
E2F7,upregulated,NFYB
E2F7,upregulated,SNAPC5
E2F7,upregulated,ZNF443
E2F7,upregulated,ZNF180
E2F7,upregulated,SALL4
E2F7,upregulated,ARX
E2F7,upregulated,ZNF730
E2F7,upregulated,ZNF93
POU5F1B,upregulated,TERB1
POU5F1B,upregulated,RHOXF2
POU5F1B,upregulated,YBX1
POU5F1B,upregulated,GTF3A
POU5F1B,upregulated,CENPX
ZBTB6,upregulated,ZNF2
ZBTB6,upregulated,ZNF148
ZBTB6,upregulated,ZUP1
ZBTB6,upregulated,SMAD5
ZBTB6,upregulated,CREB1
ZBTB6,upregulated,ZBTB41
ZBTB6,upregulated,THAP5
ZBTB6,upregulated,ZBTB6
ZBTB6,upregulated,GABPA
ZBTB6,upregulated,ZNF92
ZBTB6,upregulated,MSANTD4
IRF5,upregulated,REL
ZNF469,upregulated,EGR3
ZNF469,upregulated,ATF6B
ZNF469,upregulated,SNAI1
ZNF469,upregulated,SNAI2
ZNF469,upregulated,MSC
ZNF469,upregulated,IRF1
ZNF469,upregulated,ZNF358
ZNF469,upregulated,RBCK1
ZNF469,upregulated,ZNF625
ZNF469,upregulated,TSHZ3
ZNF469,upregulated,ZNF777
ZNF469,upregulated,EN2
ZNF469,upregulated,ZBTB7A
ZNF469,upregulated,CUX1
ZNF469,upregulated,RELB
ZNF469,upregulated,VDR
ZNF469,upregulated,ZNF560
ZNF469,upregulated,STAT6
ZNF469,upregulated,MEF2B
ZNF469,upregulated,ZNF667
ZNF469,upregulated,NR1H2
ZNF469,upregulated,HOXB4
ZNF469,upregulated,TLX2
ZNF469,upregulated,FOXS1
ZNF469,upregulated,SHOX2
ZNF469,upregulated,POU2F2
ZNF469,upregulated,ZNF319
ZNF469,upregulated,CSRNP1
ZNF469,upregulated,TSHZ2
ZNF469,upregulated,MEF2D
ZNF469,upregulated,OSR1
ZNF469,upregulated,CSRNP2
ZNF469,upregulated,ZBTB22
ZNF469,upregulated,CEBPD
ZNF469,upregulated,KLF8
ZNF469,upregulated,HOXB2
ZNF469,upregulated,ZNF717
ZNF469,upregulated,ZNF425
ZNF469,upregulated,ZNF841
ZNF469,upregulated,ZEB2
ZNF469,upregulated,MKX
ZNF469,upregulated,HOMEZ
ZNF469,upregulated,ZNF582
ZNF469,upregulated,HOXC4
ZNF469,upregulated,SETBP1
ZNF469,upregulated,TGIF2LX
ZNF469,upregulated,SNAPC2
ZNF469,upregulated,LHX9
ZNF469,upregulated,ZNF860
ZNF469,upregulated,JDP2
ZNF469,upregulated,BACH2
ZNF469,upregulated,ZFY
ZNF469,upregulated,HMX1
ZNF469,upregulated,ZNF516
ZNF469,upregulated,ZNF57
ZNF469,upregulated,CREB3
ZNF469,upregulated,MSX1
ZNF469,upregulated,JAZF1
ZNF469,upregulated,JUND
ZNF469,upregulated,TBX18
ZNF469,upregulated,MYF6
ZNF469,upregulated,PREB
ZNF469,upregulated,FOXC1
ZNF469,upregulated,CUX2
ZNF469,upregulated,ZNF324B
ZNF469,upregulated,L3MBTL1
ZNF469,upregulated,RUNX1
ZNF469,upregulated,SCX
ZNF469,upregulated,GTF2IRD2B
ZNF469,upregulated,FOXP2
ZNF469,upregulated,GLIS2
ZNF469,upregulated,ZNF18
ZNF469,upregulated,SIX1
ZNF469,upregulated,ARNT
ZNF469,upregulated,ZFPM2
ZNF469,upregulated,ZNF76
ZNF469,upregulated,BNC2
ZNF469,upregulated,CAMTA2
ZNF469,upregulated,BHLHE41
ZNF469,upregulated,TSC22D1
ZNF469,upregulated,JUNB
ZNF469,upregulated,ZNF365
ZNF469,upregulated,RARA
ZNF469,upregulated,MAFG
ZNF469,upregulated,HOXB8
ZNF469,upregulated,ZNF469
ZNF469,upregulated,ZNF827
ZNF469,upregulated,SOX4
ZNF469,upregulated,ZFP41
ZNF469,upregulated,NFE2L1
ZNF469,upregulated,PRRX2
ZNF469,upregulated,PPARA
ZNF469,upregulated,ZNF503
ZNF469,upregulated,ZNF699
ZNF469,upregulated,NFIX
ZNF469,upregulated,HSF1
ZNF469,upregulated,FLYWCH1
ZNF469,upregulated,NPAS4
ZNF469,upregulated,PPARD
ZNF469,upregulated,ZNF703
ZNF469,upregulated,ZNF362
ZNF469,upregulated,MAF
ZNF469,upregulated,PRDM6
ZNF469,upregulated,KCNIP3
ZNF469,upregulated,AHRR
ZNF469,upregulated,ARID5B
ZNF469,upregulated,CEBPB
ZNF469,upregulated,HLX
ZNF469,upregulated,TCF21
ZNF469,upregulated,RARG
ZNF469,upregulated,STAT2
ZNF469,upregulated,ZNF25
ZNF469,upregulated,TWIST2
ZNF469,upregulated,HIC1
ZNF469,upregulated,ZHX3
ZNF469,upregulated,TBX15
ZNF469,upregulated,CIC
ZNF469,upregulated,STAT3
ZNF469,upregulated,HOXA2
ZNF469,upregulated,MXD4
ZNF469,upregulated,SKIL
ZNF469,upregulated,ZNF578
ZNF469,upregulated,NACC2
ZNF469,upregulated,ZNF34
ZNF469,upregulated,ZNF517
ZNF469,upregulated,WIZ
ZNF469,upregulated,ZSCAN4
ZNF469,upregulated,ZNF665
ZNF469,upregulated,RAG1
ZNF469,upregulated,SIX2
ZNF469,upregulated,HAND2
ZNF469,upregulated,ARID5A
ZNF469,upregulated,NPAS2
ZNF469,upregulated,FOXJ2
ZNF469,upregulated,NHLH2
ZNF469,upregulated,RUNX2
ZNF469,upregulated,MEIS3
ZNF469,upregulated,ZNF554
ZNF469,upregulated,GLI4
ZNF469,upregulated,ZNF32
ZNF469,upregulated,ZBTB4
ZNF469,upregulated,NR1D1
ZNF469,upregulated,SKI
ZNF469,upregulated,PITX3
ZNF469,upregulated,TFAP2B
ZNF469,upregulated,EBF2
ZNF469,upregulated,MLXIP
ZNF469,upregulated,HOXB5
ZNF469,upregulated,TFE3
ZNF469,upregulated,ZFHX2
ZNF469,upregulated,PRRX1
ZNF469,upregulated,CXXC5
ZNF469,upregulated,NFATC4
ZNF469,upregulated,EBF4
ZNF469,upregulated,ZNF454
ZNF469,upregulated,NFIC
ZNF469,upregulated,GSC
ZNF469,upregulated,HOXA1
ZNF469,upregulated,ZIC4
ZNF469,upregulated,HSF4
ZNF469,upregulated,ZNF626
ZNF469,upregulated,ZNF385D
ZNF469,upregulated,ZNF853
ZNF469,upregulated,ZNF526
ZNF469,upregulated,ZNF697
ZNF469,upregulated,ZNF135
ZNF469,upregulated,HAND1
ZNF469,upregulated,THRB
ZNF469,upregulated,ZNF662
ZNF469,upregulated,ZFPM1
ZNF469,upregulated,PRDM2
ZNF469,upregulated,KLF14
ZNF469,upregulated,IRF9
ZNF469,upregulated,AEBP1
ZNF469,upregulated,FOXK1
ZNF469,upregulated,MAFK
ZNF469,upregulated,NFATC1
ZNF469,upregulated,LHX8
ZNF469,upregulated,DMRT1
ZNF469,upregulated,HOXC6
ZNF469,upregulated,DMRTA1
ZNF469,upregulated,FOXP4
ZNF469,upregulated,TBX20
ZNF469,upregulated,ALX4
ZNF469,upregulated,PAX1
ZNF469,upregulated,HOXB6
ZNF469,upregulated,ZNF583
ZNF469,upregulated,ZNF77
ZNF469,upregulated,XBP1
ZNF469,upregulated,BATF2
ZNF469,upregulated,HOXB7
ZNF469,upregulated,ZNF415
ZNF469,upregulated,ZNF747
ZNF469,upregulated,CREB3L1
ZNF469,upregulated,ZNF287
ZNF469,upregulated,ZSCAN21
ZNF469,upregulated,BHLHE40
ZNF469,upregulated,TRPS1
ZNF469,upregulated,HEYL
ZNF469,upregulated,HOXA6
ZNF469,upregulated,ZBTB47
ZNF469,upregulated,GLIS1
ZNF469,upregulated,GLI1
ZNF469,upregulated,BCL11B
ZNF469,upregulated,EBF1
ZNF469,upregulated,ZNF316
ZNF469,upregulated,GLMP
ZNF469,upregulated,ZNF541
ZNF469,upregulated,CPEB1
PRRX2,upregulated,SNAI1
PRRX2,upregulated,SNAI2
PRRX2,upregulated,BARX2
PRRX2,upregulated,TFAP2C
PRRX2,upregulated,HOXA7
PRRX2,upregulated,TSHZ3
PRRX2,upregulated,HMGA2
PRRX2,upregulated,IRX1
PRRX2,upregulated,PITX2
PRRX2,upregulated,EN2
PRRX2,upregulated,ZNF275
PRRX2,upregulated,VDR
PRRX2,upregulated,TLX2
PRRX2,upregulated,FOXS1
PRRX2,upregulated,TCF4
PRRX2,upregulated,ZNF521
PRRX2,upregulated,HOXB2
PRRX2,upregulated,BNC1
PRRX2,upregulated,MKX
PRRX2,upregulated,HOXD4
PRRX2,upregulated,SETBP1
PRRX2,upregulated,TGIF2LX
PRRX2,upregulated,MSX2
PRRX2,upregulated,GATAD2A
PRRX2,upregulated,LHX9
PRRX2,upregulated,WT1
PRRX2,upregulated,TBX2
PRRX2,upregulated,TEAD3
PRRX2,upregulated,HOXD8
PRRX2,upregulated,BARX1
PRRX2,upregulated,IRX2
PRRX2,upregulated,FOXC1
PRRX2,upregulated,OLIG3
PRRX2,upregulated,HOXD1
PRRX2,upregulated,PRDM16
PRRX2,upregulated,HOXC10
PRRX2,upregulated,TBX3
PRRX2,upregulated,CREB3L2
PRRX2,upregulated,FOXL2
PRRX2,upregulated,GLIS2
PRRX2,upregulated,ZNF486
PRRX2,upregulated,BNC2
PRRX2,upregulated,ZNF365
PRRX2,upregulated,ZNF469
PRRX2,upregulated,PRRX2
PRRX2,upregulated,ALX3
PRRX2,upregulated,HOXC13
PRRX2,upregulated,ZNF503
PRRX2,upregulated,NFIX
PRRX2,upregulated,HOXD10
PRRX2,upregulated,ZNF703
PRRX2,upregulated,PLAGL1
PRRX2,upregulated,GATA5
PRRX2,upregulated,EN1
PRRX2,upregulated,TWIST2
PRRX2,upregulated,ARNT2
PRRX2,upregulated,EMX2
PRRX2,upregulated,TBX15
PRRX2,upregulated,NACC2
PRRX2,upregulated,HOXA3
PRRX2,upregulated,SIX2
PRRX2,upregulated,HAND2
PRRX2,upregulated,NR0B1
PRRX2,upregulated,TCF7
PRRX2,upregulated,RUNX2
PRRX2,upregulated,IRX5
PRRX2,upregulated,PITX3
PRRX2,upregulated,HOXC9
PRRX2,upregulated,ZNF311
PRRX2,upregulated,NFIC
PRRX2,upregulated,HOXD11
PRRX2,upregulated,ZIC4
PRRX2,upregulated,GLI2
PRRX2,upregulated,ZNF626
PRRX2,upregulated,ZIC1
PRRX2,upregulated,SRY
PRRX2,upregulated,SALL1
PRRX2,upregulated,ELK3
PRRX2,upregulated,VAX2
PRRX2,upregulated,ZNF214
PRRX2,upregulated,KLF14
PRRX2,upregulated,IRX3
PRRX2,upregulated,FOXL1
PRRX2,upregulated,NFATC1
PRRX2,upregulated,RARB
PRRX2,upregulated,HOXC6
PRRX2,upregulated,HOXC12
PRRX2,upregulated,DZIP1
PRRX2,upregulated,TBX20
PRRX2,upregulated,ALX4
PRRX2,upregulated,HOXB6
PRRX2,upregulated,FOXF2
PRRX2,upregulated,HOXA13
PRRX2,upregulated,HOXC5
PRRX2,upregulated,HOXB7
PRRX2,upregulated,PAX9
PRRX2,upregulated,HOXA9
PRRX2,upregulated,HOXD13
PRRX2,upregulated,CDX1
PRRX2,upregulated,CREB3L1
PRRX2,upregulated,HOXC11
PRRX2,upregulated,TRPS1
PRRX2,upregulated,HOXA11
PRRX2,upregulated,GLI1
PRRX2,upregulated,HOXD9
PRRX2,upregulated,ZSCAN23
PRRX2,upregulated,EBF1
PRRX2,upregulated,GLI3
PRRX2,upregulated,HOXA10
HOXD10,upregulated,HOXD13
THAP4,upregulated,MAZ
THAP4,upregulated,ZNF598
THAP4,upregulated,CXXC1
THAP4,upregulated,DEAF1
THAP4,upregulated,MBD3
THAP4,upregulated,MYPOP
THAP4,upregulated,IRF3
THAP4,upregulated,TCF3
ZNF507,upregulated,ZNF148
ZNF507,upregulated,ZNF430
ZNF507,upregulated,SMAD5
ZNF507,upregulated,KAT7
ZNF507,upregulated,LIN54
ZNF507,upregulated,THAP5
ZNF507,upregulated,THAP9
ZNF507,upregulated,ATF1
ZNF507,upregulated,TMF1
ZNF507,upregulated,AHCTF1
ZNF507,upregulated,USF3
ZNF507,upregulated,ZNF322
ZNF507,upregulated,MYNN
RBAK,upregulated,ZNF770
RBAK,upregulated,THAP5
RBAK,upregulated,ZNF644
REXO4,upregulated,GLYR1
REXO4,upregulated,ATF5
REXO4,upregulated,MAZ
REXO4,upregulated,TFDP1
REXO4,upregulated,ZNF511
REXO4,upregulated,PATZ1
REXO4,upregulated,GATAD2A
REXO4,upregulated,PRMT3
REXO4,upregulated,SNAPC4
REXO4,upregulated,PREB
REXO4,upregulated,DNMT1
REXO4,upregulated,ZNF324B
REXO4,upregulated,ZNF296
REXO4,upregulated,MTERF3
REXO4,upregulated,ZNF142
REXO4,upregulated,HESX1
REXO4,upregulated,CHCHD3
REXO4,upregulated,KLF16
REXO4,upregulated,WIZ
REXO4,upregulated,CENPB
REXO4,upregulated,MYBL2
REXO4,upregulated,E2F4
REXO4,upregulated,ZBTB9
REXO4,upregulated,ZNF485
REXO4,upregulated,TCF3
REXO4,upregulated,ESRRA
REXO4,upregulated,GTF3A
HOXD3,upregulated,LBX1
ZNF236,upregulated,MGA
DDIT3,upregulated,ZNF674
DDIT3,upregulated,ZNF222
HLX,upregulated,ZNF366
TWIST2,upregulated,ZXDA
TWIST2,upregulated,ZNF488
TWIST2,upregulated,IRF2
TWIST2,upregulated,ZBTB38
TWIST2,upregulated,DRGX
TWIST2,upregulated,ZNF732
TWIST2,upregulated,HMGA2
TWIST2,upregulated,SOX7
TWIST2,upregulated,CREBL2
TWIST2,upregulated,ZNF280A
TWIST2,upregulated,TFEC
TWIST2,upregulated,FOXP1
TWIST2,upregulated,PRDM1
TWIST2,upregulated,ETS2
TWIST2,upregulated,VDR
TWIST2,upregulated,ZNF560
TWIST2,upregulated,NR3C1
TWIST2,upregulated,NR4A2
TWIST2,upregulated,LHX1
TWIST2,upregulated,NFATC2
TWIST2,upregulated,ETV5
TWIST2,upregulated,KLF9
TWIST2,upregulated,AHR
TWIST2,upregulated,RBPJ
TWIST2,upregulated,CSRNP1
TWIST2,upregulated,KLF2
TWIST2,upregulated,GSX1
TWIST2,upregulated,PGR
TWIST2,upregulated,NR3C2
TWIST2,upregulated,ZNF695
TWIST2,upregulated,NFE2L3
TWIST2,upregulated,MBNL2
TWIST2,upregulated,HOMEZ
TWIST2,upregulated,PLSCR1
TWIST2,upregulated,SP100
TWIST2,upregulated,ZNF860
TWIST2,upregulated,SMAD3
TWIST2,upregulated,DPF3
TWIST2,upregulated,SIM2
TWIST2,upregulated,CREB3
TWIST2,upregulated,JAZF1
TWIST2,upregulated,ESR1
TWIST2,upregulated,MYF6
TWIST2,upregulated,KLF5
TWIST2,upregulated,FOXC1
TWIST2,upregulated,JUN
TWIST2,upregulated,TFAP2A
TWIST2,upregulated,HNF4G
TWIST2,upregulated,CREB3L2
TWIST2,upregulated,TGIF1
TWIST2,upregulated,BHLHE41
TWIST2,upregulated,ZNF365
TWIST2,upregulated,TFCP2L1
TWIST2,upregulated,SOX17
TWIST2,upregulated,E2F7
TWIST2,upregulated,ZNF469
TWIST2,upregulated,ZNF827
TWIST2,upregulated,ARNTL
TWIST2,upregulated,PPARA
TWIST2,upregulated,ZNF699
TWIST2,upregulated,FOXC2
TWIST2,upregulated,SIM1
TWIST2,upregulated,HES2
TWIST2,upregulated,MAFF
TWIST2,upregulated,MYBL1
TWIST2,upregulated,ETV6
TWIST2,upregulated,MBD2
TWIST2,upregulated,TCF21
TWIST2,upregulated,TIGD2
TWIST2,upregulated,FAM200B
TWIST2,upregulated,ARNT2
TWIST2,upregulated,ZHX3
TWIST2,upregulated,SKIL
TWIST2,upregulated,ZNF578
TWIST2,upregulated,GBX2
TWIST2,upregulated,ZSCAN4
TWIST2,upregulated,FLI1
TWIST2,upregulated,FOXO1
TWIST2,upregulated,RAG1
TWIST2,upregulated,HIVEP2
TWIST2,upregulated,SOX21
TWIST2,upregulated,NPAS2
TWIST2,upregulated,RUNX2
TWIST2,upregulated,EPAS1
TWIST2,upregulated,FOXQ1
TWIST2,upregulated,ZNF528
TWIST2,upregulated,ETS1
TWIST2,upregulated,ZBED2
TWIST2,upregulated,NR1H4
TWIST2,upregulated,GATA6
TWIST2,upregulated,GSC
TWIST2,upregulated,SRY
TWIST2,upregulated,ETV1
TWIST2,upregulated,HIF1A
TWIST2,upregulated,THRB
TWIST2,upregulated,ELK3
TWIST2,upregulated,ZNF140
TWIST2,upregulated,KLF14
TWIST2,upregulated,LTF
TWIST2,upregulated,ZNF160
TWIST2,upregulated,FOXL1
TWIST2,upregulated,DUXA
TWIST2,upregulated,DMRT1
TWIST2,upregulated,KLF7
TWIST2,upregulated,DMRTA1
TWIST2,upregulated,CREB5
TWIST2,upregulated,XBP1
TWIST2,upregulated,ZFP69
TWIST2,upregulated,PRDM8
TWIST2,upregulated,BATF2
TWIST2,upregulated,HIVEP1
TWIST2,upregulated,SP110
TWIST2,upregulated,STAT1
TWIST2,upregulated,BHLHE40
TWIST2,upregulated,GLIS3
TWIST2,upregulated,NR2F2
TWIST2,upregulated,ATF3
TWIST2,upregulated,CREM
FOXM1,upregulated,PRR12
FOXM1,upregulated,ERF
FOXM1,upregulated,MYSM1
FOXM1,upregulated,ZMAT4
FOXM1,upregulated,ISX
FOXM1,upregulated,CDX4
FOXM1,upregulated,ZNF254
FOXM1,upregulated,ZNF281
FOXM1,upregulated,ZBTB39
FOXM1,upregulated,ZNF850
FOXM1,upregulated,ZNF445
FOXM1,upregulated,SALL2
FOXM1,upregulated,CDX2
FOXM1,upregulated,ZNF90
FOXM1,upregulated,RAX
FOXM1,upregulated,ZNF732
FOXM1,upregulated,MEOX2
FOXM1,upregulated,PITX2
FOXM1,upregulated,FOXP1
FOXM1,upregulated,ZNF714
FOXM1,upregulated,SOX12
FOXM1,upregulated,LIN28A
FOXM1,upregulated,ZNF114
FOXM1,upregulated,OTX1
FOXM1,upregulated,ZNF813
FOXM1,upregulated,ZNF670
FOXM1,upregulated,TBX10
FOXM1,upregulated,ZNF630
FOXM1,upregulated,ZNF616
FOXM1,upregulated,VENTX
FOXM1,upregulated,ZBTB24
FOXM1,upregulated,ZNF587
FOXM1,upregulated,PCGF6
FOXM1,upregulated,ZNF423
FOXM1,upregulated,ZNF138
FOXM1,upregulated,ZUP1
FOXM1,upregulated,ZNF701
FOXM1,upregulated,FOXS1
FOXM1,upregulated,MGA
FOXM1,upregulated,ZNF521
FOXM1,upregulated,ZNF587B
FOXM1,upregulated,ZNF33B
FOXM1,upregulated,ZNF407
FOXM1,upregulated,ZNF852
FOXM1,upregulated,PRDM5
FOXM1,upregulated,NR2C2
FOXM1,upregulated,ZNF184
FOXM1,upregulated,FOXB1
FOXM1,upregulated,ZNF510
FOXM1,upregulated,HSF2
FOXM1,upregulated,ZNF695
FOXM1,upregulated,POU5F1
FOXM1,upregulated,HOXD4
FOXM1,upregulated,ZFP91
FOXM1,upregulated,ZNF700
FOXM1,upregulated,SOX11
FOXM1,upregulated,ZNF227
FOXM1,upregulated,ZFP90
FOXM1,upregulated,HEY2
FOXM1,upregulated,ZNF845
FOXM1,upregulated,FOXA1
FOXM1,upregulated,PAX6
FOXM1,upregulated,ZNF33A
FOXM1,upregulated,PBX2
FOXM1,upregulated,ZNF799
FOXM1,upregulated,ZNF436
FOXM1,upregulated,GMEB1
FOXM1,upregulated,HIC2
FOXM1,upregulated,TBX18
FOXM1,upregulated,ZNF708
FOXM1,upregulated,ZNF689
FOXM1,upregulated,FOXC1
FOXM1,upregulated,ZNF721
FOXM1,upregulated,OTX2
FOXM1,upregulated,ZNF691
FOXM1,upregulated,ZNF334
FOXM1,upregulated,LCORL
FOXM1,upregulated,HOXC10
FOXM1,upregulated,CGGBP1
FOXM1,upregulated,TEF
FOXM1,upregulated,ZNF446
FOXM1,upregulated,ZNF619
FOXM1,upregulated,ZNF202
FOXM1,upregulated,CREB1
FOXM1,upregulated,HOXC8
FOXM1,upregulated,FOXP2
FOXM1,upregulated,GZF1
FOXM1,upregulated,TSHZ1
FOXM1,upregulated,HOXB1
FOXM1,upregulated,DLX3
FOXM1,upregulated,ZFP42
FOXM1,upregulated,ZBED9
FOXM1,upregulated,ZNF660
FOXM1,upregulated,ZNF486
FOXM1,upregulated,ZNF736
FOXM1,upregulated,HMG20A
FOXM1,upregulated,ZNF594
FOXM1,upregulated,ZNF7
FOXM1,upregulated,TCF20
FOXM1,upregulated,ZBTB14
FOXM1,upregulated,ZSCAN10
FOXM1,upregulated,ZNF761
FOXM1,upregulated,SOHLH2
FOXM1,upregulated,EEA1
FOXM1,upregulated,ONECUT1
FOXM1,upregulated,ZNF497
FOXM1,upregulated,ZNF512
FOXM1,upregulated,ZNF45
FOXM1,upregulated,ZNF142
FOXM1,upregulated,ZNF182
FOXM1,upregulated,ZNF644
FOXM1,upregulated,HOXD10
FOXM1,upregulated,DMRT2
FOXM1,upregulated,ZNF141
FOXM1,upregulated,ZNF675
FOXM1,upregulated,SIM1
FOXM1,upregulated,ZNF75A
FOXM1,upregulated,ZNF286A
FOXM1,upregulated,ZFP30
FOXM1,upregulated,MTF2
FOXM1,upregulated,GATA5
FOXM1,upregulated,EN1
FOXM1,upregulated,ZIK1
FOXM1,upregulated,ZNF544
FOXM1,upregulated,ZNF883
FOXM1,upregulated,ZNF43
FOXM1,upregulated,THAP9
FOXM1,upregulated,ZNF14
FOXM1,upregulated,PURG
FOXM1,upregulated,ZNF69
FOXM1,upregulated,ZNF543
FOXM1,upregulated,ZNF578
FOXM1,upregulated,FOXA3
FOXM1,upregulated,ZNF131
FOXM1,upregulated,HOXA4
FOXM1,upregulated,ZNF627
FOXM1,upregulated,HAND2
FOXM1,upregulated,POU6F2
FOXM1,upregulated,ADNP
FOXM1,upregulated,TCF7
FOXM1,upregulated,ZNF776
FOXM1,upregulated,GATA3
FOXM1,upregulated,MEOX1
FOXM1,upregulated,IRX5
FOXM1,upregulated,ZNF268
FOXM1,upregulated,ZNF614
FOXM1,upregulated,NKRF
FOXM1,upregulated,ZNF221
FOXM1,upregulated,THAP10
FOXM1,upregulated,ZNF551
FOXM1,upregulated,ZNF639
FOXM1,upregulated,ZBTB26
FOXM1,upregulated,ZNF473
FOXM1,upregulated,ZNF215
FOXM1,upregulated,ZNF518A
FOXM1,upregulated,CTCF
FOXM1,upregulated,ZHX1
FOXM1,upregulated,ZNF765
FOXM1,upregulated,PRRX1
FOXM1,upregulated,ZBTB33
FOXM1,upregulated,FOXJ3
FOXM1,upregulated,ZNF311
FOXM1,upregulated,CXXC4
FOXM1,upregulated,ZKSCAN5
FOXM1,upregulated,ZFP64
FOXM1,upregulated,TTF1
FOXM1,upregulated,GATA6
FOXM1,upregulated,HOXD11
FOXM1,upregulated,MYCN
FOXM1,upregulated,SIX5
FOXM1,upregulated,ZNF607
FOXM1,upregulated,ZNF41
FOXM1,upregulated,SRY
FOXM1,upregulated,BCL6B
FOXM1,upregulated,LHX6
FOXM1,upregulated,ZNF214
FOXM1,upregulated,ZNF232
FOXM1,upregulated,EVX2
FOXM1,upregulated,ZFP1
FOXM1,upregulated,TCF7L2
FOXM1,upregulated,AHCTF1
FOXM1,upregulated,ZNF92
FOXM1,upregulated,ZNF711
FOXM1,upregulated,E2F5
FOXM1,upregulated,SOX3
FOXM1,upregulated,ZNF629
FOXM1,upregulated,ZNF567
FOXM1,upregulated,ZNF687
FOXM1,upregulated,ESX1
FOXM1,upregulated,ZIC5
FOXM1,upregulated,IKZF4
FOXM1,upregulated,ZNF391
FOXM1,upregulated,DZIP1
FOXM1,upregulated,POU2F1
FOXM1,upregulated,ZNF101
FOXM1,upregulated,ALX4
FOXM1,upregulated,ZNF280B
FOXM1,upregulated,ZSCAN25
FOXM1,upregulated,ALX1
FOXM1,upregulated,HOXD12
FOXM1,upregulated,ZFP69
FOXM1,upregulated,ZNF280C
FOXM1,upregulated,ZNF623
FOXM1,upregulated,PAX9
FOXM1,upregulated,ZNF671
FOXM1,upregulated,ZFP37
FOXM1,upregulated,ZNF100
FOXM1,upregulated,RORB
FOXM1,upregulated,ZNF443
FOXM1,upregulated,RFX6
FOXM1,upregulated,NCOA2
FOXM1,upregulated,CDX1
FOXM1,upregulated,ZNF180
FOXM1,upregulated,HOXC11
FOXM1,upregulated,SALL4
FOXM1,upregulated,ZKSCAN2
FOXM1,upregulated,ARID3A
FOXM1,upregulated,ZNF730
FOXM1,upregulated,TRPS1
FOXM1,upregulated,ZNF322
FOXM1,upregulated,ZNF165
FOXM1,upregulated,ZNF195
FOXM1,upregulated,SCMH1
FOXM1,upregulated,ZNF766
FOXM1,upregulated,HOXD9
FOXM1,upregulated,BCL11B
ARNT2,upregulated,MEIS3
ARNT2,upregulated,EBF4
ZHX3,upregulated,TEAD1
ZHX3,upregulated,GLIS3
FOXD1,upregulated,ZNF281
FOXD1,upregulated,ZNF732
FOXD1,upregulated,HMGA2
FOXD1,upregulated,MSANTD3
FOXD1,upregulated,BNC1
FOXD1,upregulated,ZNF695
FOXD1,upregulated,ZFP91
FOXD1,upregulated,HOXC8
FOXD1,upregulated,FOSL1
FOXD1,upregulated,E2F7
FOXD1,upregulated,FOXN2
FOXD1,upregulated,MYBL1
FOXD1,upregulated,ZNF23
FOXD1,upregulated,ZNF367
FOXD1,upregulated,ZNF300
FOXD1,upregulated,CLOCK
FOXD1,upregulated,ZNF621
FOXD1,upregulated,ARNTL2
CIC,upregulated,ZNF865
CIC,upregulated,ZNF444
PURG,upregulated,NEUROD4
PURG,upregulated,ZMAT4
PURG,upregulated,PHOX2B
PURG,upregulated,RAX
PURG,upregulated,ZNF793
PURG,upregulated,LBX1
PURG,upregulated,FEV
PURG,upregulated,SOX1
PURG,upregulated,ST18
PURG,upregulated,SOX14
PURG,upregulated,POU4F2
PURG,upregulated,ZBTB8B
PURG,upregulated,POU3F4
PURG,upregulated,DPF1
PURG,upregulated,ONECUT1
PURG,upregulated,GSX2
PURG,upregulated,NHLH1
PURG,upregulated,PAX3
PURG,upregulated,SIX6
PURG,upregulated,ASCL1
PURG,upregulated,VSX2
PURG,upregulated,PURG
PURG,upregulated,POU3F3
PURG,upregulated,VAX1
PURG,upregulated,OLIG2
PURG,upregulated,DACH2
PURG,upregulated,SCRT1
PURG,upregulated,EBF2
PURG,upregulated,ZNF157
PURG,upregulated,SALL3
PURG,upregulated,POU3F2
PURG,upregulated,ATOH1
PURG,upregulated,PRDM12
PURG,upregulated,SIX3
PURG,upregulated,SOX3
PURG,upregulated,MYOD1
PURG,upregulated,ZNF382
PURG,upregulated,ARX
CSRNP3,upregulated,ZNF534
CSRNP3,upregulated,SKOR2
CSRNP3,upregulated,NEUROD4
CSRNP3,upregulated,ZMAT4
CSRNP3,upregulated,PAX2
CSRNP3,upregulated,ZNF429
CSRNP3,upregulated,ZNF470
CSRNP3,upregulated,PHOX2B
CSRNP3,upregulated,DRGX
CSRNP3,upregulated,MYT1
CSRNP3,upregulated,TSHZ3
CSRNP3,upregulated,ZNF793
CSRNP3,upregulated,RXRG
CSRNP3,upregulated,ZNF223
CSRNP3,upregulated,PROX1
CSRNP3,upregulated,FEV
CSRNP3,upregulated,ZNF211
CSRNP3,upregulated,SOX14
CSRNP3,upregulated,KLF8
CSRNP3,upregulated,ZNF154
CSRNP3,upregulated,ZBTB8B
CSRNP3,upregulated,FOXD4L6
CSRNP3,upregulated,ARID3C
CSRNP3,upregulated,ZNF286B
CSRNP3,upregulated,LHX9
CSRNP3,upregulated,ZNF285
CSRNP3,upregulated,DLX6
CSRNP3,upregulated,PAX6
CSRNP3,upregulated,ZNF549
CSRNP3,upregulated,BACH2
CSRNP3,upregulated,HMX1
CSRNP3,upregulated,FEZF2
CSRNP3,upregulated,DBX2
CSRNP3,upregulated,POU3F4
CSRNP3,upregulated,ZNF44
CSRNP3,upregulated,ZNF737
CSRNP3,upregulated,ONECUT3
CSRNP3,upregulated,ZNF385B
CSRNP3,upregulated,ZNF844
CSRNP3,upregulated,HIF3A
CSRNP3,upregulated,GTF2IRD2B
CSRNP3,upregulated,ZNF491
CSRNP3,upregulated,HOXB1
CSRNP3,upregulated,FOXD4L1
CSRNP3,upregulated,ZFPM2
CSRNP3,upregulated,PEG3
CSRNP3,upregulated,NEUROG2
CSRNP3,upregulated,ZNF441
CSRNP3,upregulated,FOXN4
CSRNP3,upregulated,GSX2
CSRNP3,upregulated,ZSCAN18
CSRNP3,upregulated,NPAS4
CSRNP3,upregulated,ZNF19
CSRNP3,upregulated,NHLH1
CSRNP3,upregulated,LMX1A
CSRNP3,upregulated,ZFP30
CSRNP3,upregulated,PAX3
CSRNP3,upregulated,PAX7
CSRNP3,upregulated,ZBTB20
CSRNP3,upregulated,ZNF439
CSRNP3,upregulated,ZNF25
CSRNP3,upregulated,HSFY1
CSRNP3,upregulated,VSX2
CSRNP3,upregulated,PURG
CSRNP3,upregulated,CSRNP3
CSRNP3,upregulated,GBX1
CSRNP3,upregulated,ZNF804B
CSRNP3,upregulated,LHX5
CSRNP3,upregulated,DLX5
CSRNP3,upregulated,ZMAT1
CSRNP3,upregulated,ESRRG
CSRNP3,upregulated,MSANTD1
CSRNP3,upregulated,INSM2
CSRNP3,upregulated,DACH2
CSRNP3,upregulated,SCRT1
CSRNP3,upregulated,MYRFL
CSRNP3,upregulated,MYT1L
CSRNP3,upregulated,STAT4
CSRNP3,upregulated,EBF2
CSRNP3,upregulated,ZNF250
CSRNP3,upregulated,ZNF641
CSRNP3,upregulated,ZNF727
CSRNP3,upregulated,SALL3
CSRNP3,upregulated,EBF4
CSRNP3,upregulated,HOXA1
CSRNP3,upregulated,ZIC4
CSRNP3,upregulated,NCOA1
CSRNP3,upregulated,ZNF474
CSRNP3,upregulated,HDX
CSRNP3,upregulated,VAX2
CSRNP3,upregulated,DACH1
CSRNP3,upregulated,SIX3
CSRNP3,upregulated,TBX5
CSRNP3,upregulated,L3MBTL4
CSRNP3,upregulated,ASH1L
CSRNP3,upregulated,LHX8
CSRNP3,upregulated,DMRT3
CSRNP3,upregulated,ZNF77
CSRNP3,upregulated,CARF
CSRNP3,upregulated,ZNF415
CSRNP3,upregulated,SOHLH1
CSRNP3,upregulated,ZFP37
CSRNP3,upregulated,ISL1
CSRNP3,upregulated,RORB
CSRNP3,upregulated,SCRT2
CSRNP3,upregulated,TET2
CSRNP3,upregulated,ARX
CSRNP3,upregulated,ZNF287
CSRNP3,upregulated,ZIM2
CSRNP3,upregulated,BCL11B
CSRNP3,upregulated,ZSCAN23
NACC2,upregulated,SOX10
ZNF750,upregulated,BARX2
ZNF750,upregulated,OVOL1
ZNF750,upregulated,SP6
ZNF750,upregulated,HES5
ZNF750,upregulated,ZNF750
ZNF750,upregulated,DLX5
ZNF750,upregulated,OVOL2
ZNF750,upregulated,GRHL1
ZNF750,upregulated,FOXN1
ZNF750,upregulated,ASCL5
SOX18,upregulated,ZNF366
NR2F6,upregulated,NR1I3
TAL1,upregulated,GATA1
NFE4,upregulated,LYL1
GRHL1,upregulated,ZNF750
ZNF317,upregulated,ZNF180
SCRT1,upregulated,FEV
SCRT1,upregulated,SOX14
SCRT1,upregulated,ZBTB8B
SCRT1,upregulated,DLX6
SCRT1,upregulated,MYF6
SCRT1,upregulated,CUX2
SCRT1,upregulated,POU3F4
SCRT1,upregulated,L3MBTL1
SCRT1,upregulated,HIF3A
SCRT1,upregulated,DPF1
SCRT1,upregulated,NANOGP8
SCRT1,upregulated,LMX1B
SCRT1,upregulated,CSRNP3
SCRT1,upregulated,ZNF804B
SCRT1,upregulated,SP7
SCRT1,upregulated,MSANTD1
SCRT1,upregulated,RAX2
SCRT1,upregulated,MYT1L
SCRT1,upregulated,CXXC4
SCRT1,upregulated,NANOG
SCRT1,upregulated,GSC2
SCRT1,upregulated,PRDM12
SCRT1,upregulated,FOXO6
SCRT1,upregulated,LHX8
SCRT1,upregulated,MYOD1
SCRT1,upregulated,ZNF835
SCRT1,upregulated,SOHLH1
SCRT1,upregulated,ARX
SCRT1,upregulated,ZNF789
SCRT1,upregulated,YBX2
MYRFL,upregulated,HNF4A
MYRFL,upregulated,HNF1A
MYRFL,upregulated,ATOH1
AKNA,upregulated,ZBTB14
AKNA,upregulated,RHOXF2
AKNA,upregulated,RHOXF2B
AKNA,upregulated,SCML4
AKNA,upregulated,ZNF548
AKNA,upregulated,ZNF792
MYT1L,upregulated,NEUROD4
MYT1L,upregulated,FEV
MYT1L,upregulated,ST18
MYT1L,upregulated,NEUROD6
MYT1L,upregulated,MSANTD1
MYT1L,upregulated,SCRT1
MYT1L,upregulated,MYT1L
MYT1L,upregulated,NEUROD2
MYT1L,upregulated,SOHLH1
MYT1L,upregulated,SCRT2
MYT1L,upregulated,ARX
STAT4,upregulated,ZNF683
FIZ1,upregulated,ZNF628
ZNF134,upregulated,ZNF2
ZNF134,upregulated,ZNF17
SOX8,upregulated,SOX10
ZNF580,upregulated,PRR12
ZNF580,upregulated,ZNF446
ZNF580,upregulated,ZBTB17
ZNF580,upregulated,ZNF76
ZNF580,upregulated,ZNF579
ZNF580,upregulated,E4F1
ZNF580,upregulated,HMG20B
ZNF580,upregulated,CENPT
ZNF580,upregulated,CIC
ZNF580,upregulated,GLI4
ZNF580,upregulated,MYPOP
ZNF580,upregulated,ZNF580
ZNF580,upregulated,ZNF865
ZNF580,upregulated,SIX5
ZNF580,upregulated,ZNF500
ZNF580,upregulated,ZNF444
MYBL2,upregulated,ZNF488
MYBL2,upregulated,ISX
MYBL2,upregulated,ZNF732
MYBL2,upregulated,LIN28A
MYBL2,upregulated,ZNF813
MYBL2,upregulated,ZNF138
MYBL2,upregulated,LIN28B
MYBL2,upregulated,KAT7
MYBL2,upregulated,HES3
MYBL2,upregulated,MTERF3
MYBL2,upregulated,ZFP42
MYBL2,upregulated,ZNF486
MYBL2,upregulated,ZNF681
MYBL2,upregulated,ZNF43
MYBL2,upregulated,ZIC2
MYBL2,upregulated,ZNF215
MYBL2,upregulated,MYCN
MYBL2,upregulated,SP5
MYBL2,upregulated,ZNF678
MYBL2,upregulated,ZNF280C
MYBL2,upregulated,SALL4
MYBL2,upregulated,ZNF730
TFE3,upregulated,NR1H2
TFE3,upregulated,RELA
TFE3,upregulated,RARA
TFE3,upregulated,TFE3
TFE3,upregulated,ZNF787
PRRX1,upregulated,SNAI2
PRRX1,upregulated,ZMAT4
PRRX1,upregulated,MSC
PRRX1,upregulated,HOXA7
PRRX1,upregulated,TSHZ3
PRRX1,upregulated,MEOX2
PRRX1,upregulated,IRX1
PRRX1,upregulated,DLX1
PRRX1,upregulated,RXRG
PRRX1,upregulated,ZNF423
PRRX1,upregulated,HOXB4
PRRX1,upregulated,TLX2
PRRX1,upregulated,TCF4
PRRX1,upregulated,TSHZ2
PRRX1,upregulated,OSR1
PRRX1,upregulated,PGR
PRRX1,upregulated,BNC1
PRRX1,upregulated,TEAD2
PRRX1,upregulated,HOXD4
PRRX1,upregulated,HOXC4
PRRX1,upregulated,SOX11
PRRX1,upregulated,MSX2
PRRX1,upregulated,TBX2
PRRX1,upregulated,PAX6
PRRX1,upregulated,HOXD8
PRRX1,upregulated,JAZF1
PRRX1,upregulated,DBX2
PRRX1,upregulated,OLIG3
PRRX1,upregulated,HOXD1
PRRX1,upregulated,HOXC8
PRRX1,upregulated,FOXL2
PRRX1,upregulated,HOXB1
PRRX1,upregulated,SIX1
PRRX1,upregulated,ZFPM2
PRRX1,upregulated,BNC2
PRRX1,upregulated,ZNF365
PRRX1,upregulated,HOXB8
PRRX1,upregulated,ALX3
PRRX1,upregulated,NFIX
PRRX1,upregulated,HOXD10
PRRX1,upregulated,SIM1
PRRX1,upregulated,HOXD3
PRRX1,upregulated,ZNF362
PRRX1,upregulated,FOXE1
PRRX1,upregulated,PLAGL1
PRRX1,upregulated,EN1
PRRX1,upregulated,TWIST2
PRRX1,upregulated,ARNT2
PRRX1,upregulated,KLF17
PRRX1,upregulated,EMX2
PRRX1,upregulated,TBX15
PRRX1,upregulated,HOXA2
PRRX1,upregulated,POU3F3
PRRX1,upregulated,FLI1
PRRX1,upregulated,NR0B1
PRRX1,upregulated,MEOX1
PRRX1,upregulated,MEIS2
PRRX1,upregulated,PITX3
PRRX1,upregulated,TFAP2B
PRRX1,upregulated,EBF2
PRRX1,upregulated,HOXB5
PRRX1,upregulated,PRRX1
PRRX1,upregulated,FOXG1
PRRX1,upregulated,HOXC9
PRRX1,upregulated,ZNF311
PRRX1,upregulated,GATA6
PRRX1,upregulated,HOXD11
PRRX1,upregulated,ZIC4
PRRX1,upregulated,ZNF385D
PRRX1,upregulated,ZIC1
PRRX1,upregulated,ZNF135
PRRX1,upregulated,ZNF474
PRRX1,upregulated,TCF7L1
PRRX1,upregulated,SALL1
PRRX1,upregulated,EVX2
PRRX1,upregulated,EBF3
PRRX1,upregulated,TBX5
PRRX1,upregulated,ZNF536
PRRX1,upregulated,LHX2
PRRX1,upregulated,HOXC6
PRRX1,upregulated,HOXC12
PRRX1,upregulated,DMRT3
PRRX1,upregulated,ALX1
PRRX1,upregulated,HOXD12
PRRX1,upregulated,FOXF2
PRRX1,upregulated,HOXC5
PRRX1,upregulated,HOXB3
PRRX1,upregulated,HOXB7
PRRX1,upregulated,HOXD13
PRRX1,upregulated,HOXA11
PRRX1,upregulated,HEYL
PRRX1,upregulated,GLIS1
PRRX1,upregulated,NR2F2
PRRX1,upregulated,GLI1
PRRX1,upregulated,HOXD9
PRRX1,upregulated,EBF1
PRRX1,upregulated,GLI3
PRRX1,upregulated,HOXA10
NR1H4,upregulated,NR1I2
NR1H4,upregulated,NR1H4
NR1H4,upregulated,CREB3L3
FOXG1,upregulated,NEUROD6
CREBZF,upregulated,NR2C1
ZNF692,upregulated,CC2D1A
ZNF692,upregulated,CCDC17
ZNF692,upregulated,MLXIPL
ZNF692,upregulated,SGSM2
ZNF692,upregulated,ZNF414
ZNF692,upregulated,AKAP8L
ZNF692,upregulated,L3MBTL1
ZNF692,upregulated,SCX
ZNF692,upregulated,ZBTB48
ZNF692,upregulated,ZGLP1
ZNF692,upregulated,ZNF579
ZNF692,upregulated,ZNF628
ZNF692,upregulated,HES7
ZNF692,upregulated,E4F1
ZNF692,upregulated,ZNF335
ZNF692,upregulated,CENPT
ZNF692,upregulated,TBX6
ZNF692,upregulated,ZNF783
ZNF692,upregulated,KMT2B
ZNF692,upregulated,GLI4
ZNF692,upregulated,ZNF580
ZNF692,upregulated,ZNF865
ZNF692,upregulated,ZNF205
ZNF692,upregulated,ZNF692
ZNF692,upregulated,HSF4
ZNF692,upregulated,MZF1
ZNF692,upregulated,ZNF789
ZNF692,upregulated,ZNF444
ZNF692,upregulated,ZNF316
ELF3,upregulated,ISX
ELF3,upregulated,BARX2
ELF3,upregulated,CDX2
ELF3,upregulated,HNF4A
ELF3,upregulated,HNF1A
ELF3,upregulated,TEAD3
ELF3,upregulated,HNF4G
ELF3,upregulated,NR1I2
ELF3,upregulated,POU2F3
ELF3,upregulated,GATA5
ELF3,upregulated,NR1I3
ELF3,upregulated,PDX1
ELF3,upregulated,OVOL2
ELF3,upregulated,GRHL2
ELF3,upregulated,EVX1
ELF3,upregulated,CREB3L3
ELF3,upregulated,FOXN1
ELF3,upregulated,RORC
ELF3,upregulated,CDX1
TBX21,upregulated,IKZF3
TBX21,upregulated,SPI1
TBX21,upregulated,FOXP3
TBX21,upregulated,EOMES
TBX21,upregulated,STAT4
TBX21,upregulated,TBX21
TBX21,upregulated,ZNF683
NANOG,upregulated,PRDM14
NANOG,upregulated,ZFY
HSF4,upregulated,SGSM2
HSF4,upregulated,ZNF577
HSF4,upregulated,ZNF133
HSF4,upregulated,L3MBTL1
HSF4,upregulated,ZNF446
HSF4,upregulated,ZNF497
HSF4,upregulated,ZGLP1
HSF4,upregulated,E4F1
HSF4,upregulated,HMG20B
HSF4,upregulated,CENPT
HSF4,upregulated,TBX6
HSF4,upregulated,ZNF783
HSF4,upregulated,ZNF517
HSF4,upregulated,ZNF554
HSF4,upregulated,GLI4
HSF4,upregulated,ZNF692
HSF4,upregulated,HSF4
HSF4,upregulated,MZF1
HSF4,upregulated,ZNF500
HSF4,upregulated,ZNF789
HSF4,upregulated,ZNF444
ETV4,upregulated,CENPA
ZNF697,upregulated,ZNF674
ZNF697,upregulated,ZNF222
MZF1,upregulated,ZNF775
MZF1,upregulated,CCDC17
MZF1,upregulated,MLXIPL
MZF1,upregulated,SGSM2
MZF1,upregulated,ANKZF1
MZF1,upregulated,ZNF251
MZF1,upregulated,ZNF805
MZF1,upregulated,SNAPC4
MZF1,upregulated,HINFP
MZF1,upregulated,L3MBTL1
MZF1,upregulated,SCX
MZF1,upregulated,DMTF1
MZF1,upregulated,ZNF276
MZF1,upregulated,ZBTB48
MZF1,upregulated,ZNF76
MZF1,upregulated,CAMTA2
MZF1,upregulated,ZNF497
MZF1,upregulated,ZGLP1
MZF1,upregulated,ZNF763
MZF1,upregulated,ZNF8
MZF1,upregulated,ZNF335
MZF1,upregulated,CENPT
MZF1,upregulated,TBX6
MZF1,upregulated,ZNF783
MZF1,upregulated,ZNF333
MZF1,upregulated,ZNF34
MZF1,upregulated,ZMAT1
MZF1,upregulated,GLI4
MZF1,upregulated,CREBZF
MZF1,upregulated,ZNF692
MZF1,upregulated,PRDM15
MZF1,upregulated,HSF4
MZF1,upregulated,MZF1
MZF1,upregulated,MBD6
MZF1,upregulated,MNT
MZF1,upregulated,ZNF789
MZF1,upregulated,ZNF444
BCL6B,upregulated,SOX18
BCL6B,upregulated,ZNF366
ELK3,upregulated,GLYR1
ELK3,upregulated,ZBTB38
ELK3,upregulated,RELB
ELK3,upregulated,YBX3
ELK3,upregulated,DR1
ELK3,upregulated,ETV5
ELK3,upregulated,MSANTD3
ELK3,upregulated,NFE2L3
ELK3,upregulated,KLF6
ELK3,upregulated,SP140L
ELK3,upregulated,DRAP1
ELK3,upregulated,NFKB2
ELK3,upregulated,FOSL1
ELK3,upregulated,FOXN2
ELK3,upregulated,HMGA1
ELK3,upregulated,MAFF
ELK3,upregulated,ZNF706
ELK3,upregulated,MYC
ELK3,upregulated,TEAD4
ELK3,upregulated,ETS1
ELK3,upregulated,ZBED2
ELK3,upregulated,NME2
ELK3,upregulated,ETV4
ELK3,upregulated,ZNF697
ELK3,upregulated,ELK3
ELK3,upregulated,MLX
ELK3,upregulated,PA2G4
ZKSCAN8,upregulated,ASH1L
CREB3L3,upregulated,NR1I2
CREB3L3,upregulated,ONECUT1
CREB3L3,upregulated,NR1I3
CREB3L3,upregulated,MIXL1
CREB3L3,upregulated,SRY
AR,upregulated,ZFY
FOXN1,upregulated,SOX7
FOXN1,upregulated,OVOL1
FOXN1,upregulated,DLX3
FOXN1,upregulated,IRX4
FOXN1,upregulated,OVOL2
FOXN1,upregulated,FOXQ1
FOXN1,upregulated,FOXN1
SCML4,upregulated,ZNF831
SCML4,upregulated,IKZF1
SCML4,upregulated,FOXP3
ZNF239,upregulated,PCGF6
ZNF239,upregulated,FOXK2
ZNF239,upregulated,PRMT3
ZNF239,upregulated,ZNF202
ZNF239,upregulated,MTERF3
ZNF239,upregulated,ZNF142
ZNF239,upregulated,REXO4
ZNF239,upregulated,ZNF749
ZNF239,upregulated,E2F6
ZNF239,upregulated,ZNF639
ZNF239,upregulated,ZBTB9
ZNF239,upregulated,HSF5
ZNF678,upregulated,MYSM1
NKX31,upregulated,ISX
NKX31,upregulated,CREB3L4
HOXC6,upregulated,HOXD8
HOXC6,upregulated,HOXC8
HOXC6,upregulated,HOXC5
TBX20,upregulated,TBX5
GTF3A,upregulated,ZNF428
GTF3A,upregulated,ZNF706
GTF3A,upregulated,CAMTA1
GTF3A,upregulated,NR1I3
GTF3A,upregulated,NME2
MYOD1,upregulated,MYF6
RLF,upregulated,ZNF460
RLF,upregulated,ZNF264
RLF,upregulated,ZNF674
RLF,upregulated,HINFP
RLF,upregulated,ZNF721
RLF,upregulated,LCORL
RLF,upregulated,DMTF1
RLF,upregulated,CGGBP1
RLF,upregulated,ZBTB41
RLF,upregulated,ARID2
RLF,upregulated,EEA1
RLF,upregulated,ZBTB10
RLF,upregulated,GABPA
RLF,upregulated,RORA
RLF,upregulated,SMAD4
RLF,upregulated,GPBP1L1
RLF,upregulated,TMF1
RLF,upregulated,ZNF160
RLF,upregulated,ASH1L
RLF,upregulated,HMBOX1
NFIL3,upregulated,EGR3
NFIL3,upregulated,ZNF274
NFIL3,upregulated,ZNF597
NFIL3,upregulated,CCDC17
NFIL3,upregulated,TIGD3
NFIL3,upregulated,NR4A2
NFIL3,upregulated,ETV3L
NFIL3,upregulated,NR4A3
NFIL3,upregulated,TBR1
NFIL3,upregulated,IKZF5
NFIL3,upregulated,ZSCAN22
NFIL3,upregulated,ETV3
NFIL3,upregulated,MAFA
NFIL3,upregulated,ZNF800
NFIL3,upregulated,ZNF674
NFIL3,upregulated,ZBTB21
NFIL3,upregulated,ZNF805
NFIL3,upregulated,SOX30
NFIL3,upregulated,HINFP
NFIL3,upregulated,LIN54
NFIL3,upregulated,FOS
NFIL3,upregulated,GZF1
NFIL3,upregulated,ZBED9
NFIL3,upregulated,ZNF267
NFIL3,upregulated,REL
NFIL3,upregulated,ZSCAN10
NFIL3,upregulated,ZBTB10
NFIL3,upregulated,CEBPB
NFIL3,upregulated,DDIT3
NFIL3,upregulated,MTF1
NFIL3,upregulated,GCM1
NFIL3,upregulated,ZNF416
NFIL3,upregulated,ZNF34
NFIL3,upregulated,ZBTB43
NFIL3,upregulated,THAP2
NFIL3,upregulated,ZNF554
NFIL3,upregulated,ZNF461
NFIL3,upregulated,ZNF317
NFIL3,upregulated,LHX3
NFIL3,upregulated,RBPJL
NFIL3,upregulated,ZNF394
NFIL3,upregulated,ZNF222
NFIL3,upregulated,ZNF773
NFIL3,upregulated,EGR4
NFIL3,upregulated,RLF
NFIL3,upregulated,ZNF280C
NFIL3,upregulated,ZNF550
NFIL3,upregulated,NFIL3
NFIL3,upregulated,FOSB
NFIL3,upregulated,ZNF165
NFIL3,upregulated,ZNF79
NFIL3,upregulated,ATF3
NFIL3,upregulated,MXD1
EHF,upregulated,BARX2
EHF,upregulated,SOX15
EHF,upregulated,POU2F3
EHF,upregulated,OVOL2
EHF,upregulated,GRHL2
EHF,upregulated,ELF3
EHF,upregulated,FOXN1
EHF,upregulated,EHF
ZNF804A,upregulated,POU4F2
ZNF804A,upregulated,DPF1
ZNF804A,upregulated,ZNF804B
BATF2,upregulated,IRF2
BATF2,upregulated,IRF1
BATF2,upregulated,RBCK1
BATF2,upregulated,GPBP1
BATF2,upregulated,ZNF350
BATF2,upregulated,IRF7
BATF2,upregulated,ZNF670
BATF2,upregulated,ASCL2
BATF2,upregulated,ZUP1
BATF2,upregulated,TRAFD1
BATF2,upregulated,RELA
BATF2,upregulated,PLSCR1
BATF2,upregulated,SP100
BATF2,upregulated,USF1
BATF2,upregulated,SP140L
BATF2,upregulated,ZNF107
BATF2,upregulated,CREB1
BATF2,upregulated,ZNF296
BATF2,upregulated,ETV7
BATF2,upregulated,NR1I2
BATF2,upregulated,REL
BATF2,upregulated,FOXN2
BATF2,upregulated,MTF1
BATF2,upregulated,STAT2
BATF2,upregulated,ZNF416
BATF2,upregulated,RFX5
BATF2,upregulated,MAX
BATF2,upregulated,RBPJL
BATF2,upregulated,ZBTB33
BATF2,upregulated,HDX
BATF2,upregulated,IRF9
BATF2,upregulated,ZNF136
BATF2,upregulated,GTF2B
BATF2,upregulated,BAZ2A
BATF2,upregulated,BATF2
BATF2,upregulated,BATF3
BATF2,upregulated,SP110
BATF2,upregulated,STAT1
BATF2,upregulated,ZNF766
ZBED6,upregulated,ZBTB37
ZBED6,upregulated,ZXDA
ZBED6,upregulated,MYSM1
ZBED6,upregulated,FOXN3
ZBED6,upregulated,ZNF274
ZBED6,upregulated,ZNF254
ZBED6,upregulated,ZNF281
ZBED6,upregulated,ZBTB38
ZBED6,upregulated,ZNF597
ZBED6,upregulated,ZNF770
ZBED6,upregulated,ZNF470
ZBED6,upregulated,ZNF292
ZBED6,upregulated,GPBP1
ZBED6,upregulated,ELF1
ZBED6,upregulated,ZNF28
ZBED6,upregulated,NFAT5
ZBED6,upregulated,ZNF546
ZBED6,upregulated,SOX7
ZBED6,upregulated,POU1F1
ZBED6,upregulated,ZNF460
ZBED6,upregulated,FOXP1
ZBED6,upregulated,ZNF275
ZBED6,upregulated,NR2C1
ZBED6,upregulated,CUX1
ZBED6,upregulated,ZNF350
ZBED6,upregulated,ZNF148
ZBED6,upregulated,NR3C1
ZBED6,upregulated,NR4A2
ZBED6,upregulated,SOX5
ZBED6,upregulated,ZNF587
ZBED6,upregulated,PROX1
ZBED6,upregulated,ZNF701
ZBED6,upregulated,TBR1
ZBED6,upregulated,IKZF5
ZBED6,upregulated,ZNF558
ZBED6,upregulated,KLF9
ZBED6,upregulated,ZNF829
ZBED6,upregulated,MGA
ZBED6,upregulated,ZNF615
ZBED6,upregulated,ZNF654
ZBED6,upregulated,KLF10
ZBED6,upregulated,RBPJ
ZBED6,upregulated,ZNF211
ZBED6,upregulated,ZNF407
ZBED6,upregulated,MEF2D
ZBED6,upregulated,ZNF852
ZBED6,upregulated,CSRNP2
ZBED6,upregulated,ZBTB1
ZBED6,upregulated,ZNF704
ZBED6,upregulated,ZNF430
ZBED6,upregulated,BNC1
ZBED6,upregulated,ZNF772
ZBED6,upregulated,ZNF184
ZBED6,upregulated,ZNF175
ZBED6,upregulated,ZEB1
ZBED6,upregulated,ZNF841
ZBED6,upregulated,ETV3
ZBED6,upregulated,MBNL2
ZBED6,upregulated,MKX
ZBED6,upregulated,NCOA3
ZBED6,upregulated,ZNF286B
ZBED6,upregulated,SMAD5
ZBED6,upregulated,ZNF800
ZBED6,upregulated,ZNF227
ZBED6,upregulated,ZNF81
ZBED6,upregulated,ZNF674
ZBED6,upregulated,KLF6
ZBED6,upregulated,ZBTB21
ZBED6,upregulated,PURA
ZBED6,upregulated,ZNF845
ZBED6,upregulated,ZBTB5
ZBED6,upregulated,SOX30
ZBED6,upregulated,BCL6
ZBED6,upregulated,ZNF33A
ZBED6,upregulated,SIM2
ZBED6,upregulated,ZNF436
ZBED6,upregulated,ZNF283
ZBED6,upregulated,TOPORS
ZBED6,upregulated,PURB
ZBED6,upregulated,BBX
ZBED6,upregulated,PHF21A
ZBED6,upregulated,ZNF708
ZBED6,upregulated,LIN54
ZBED6,upregulated,FOXC1
ZBED6,upregulated,ZNF721
ZBED6,upregulated,FOS
ZBED6,upregulated,ZNF334
ZBED6,upregulated,LCORL
ZBED6,upregulated,DMTF1
ZBED6,upregulated,CGGBP1
ZBED6,upregulated,RFX3
ZBED6,upregulated,CREB3L2
ZBED6,upregulated,NFIB
ZBED6,upregulated,ZNF431
ZBED6,upregulated,ZBTB41
ZBED6,upregulated,ZBTB11
ZBED6,upregulated,ATF7
ZBED6,upregulated,THAP5
ZBED6,upregulated,ZBED9
ZBED6,upregulated,IRF6
ZBED6,upregulated,ARNT
ZBED6,upregulated,POU2F3
ZBED6,upregulated,VEZF1
ZBED6,upregulated,PRDM10
ZBED6,upregulated,ZNF189
ZBED6,upregulated,TGIF1
ZBED6,upregulated,BNC2
ZBED6,upregulated,REL
ZBED6,upregulated,ELF2
ZBED6,upregulated,ARID2
ZBED6,upregulated,ZNF451
ZBED6,upregulated,TSC22D1
ZBED6,upregulated,TCF20
ZBED6,upregulated,ZNF585A
ZBED6,upregulated,TFCP2L1
ZBED6,upregulated,ZXDC
ZBED6,upregulated,E2F7
ZBED6,upregulated,ZBTB44
ZBED6,upregulated,FOXN2
ZBED6,upregulated,EEA1
ZBED6,upregulated,ZBTB6
ZBED6,upregulated,ARNTL
ZBED6,upregulated,ATF6
ZBED6,upregulated,ZNF217
ZBED6,upregulated,PHF20
ZBED6,upregulated,PPARA
ZBED6,upregulated,ZNF644
ZBED6,upregulated,NPAS4
ZBED6,upregulated,RBAK
ZBED6,upregulated,ZNF652
ZBED6,upregulated,AHRR
ZBED6,upregulated,RFX7
ZBED6,upregulated,TET3
ZBED6,upregulated,ZFP30
ZBED6,upregulated,PLAGL1
ZBED6,upregulated,TIGD2
ZBED6,upregulated,ZNF367
ZBED6,upregulated,ZNF484
ZBED6,upregulated,ZHX3
ZBED6,upregulated,ZNF91
ZBED6,upregulated,MEIS1
ZBED6,upregulated,THAP9
ZBED6,upregulated,STAT3
ZBED6,upregulated,ZNF808
ZBED6,upregulated,CSRNP3
ZBED6,upregulated,ZNF24
ZBED6,upregulated,ZBTB8A
ZBED6,upregulated,ZNF333
ZBED6,upregulated,CLOCK
ZBED6,upregulated,SKIL
ZBED6,upregulated,RORA
ZBED6,upregulated,ZBTB34
ZBED6,upregulated,ELK4
ZBED6,upregulated,ZXDB
ZBED6,upregulated,TCF12
ZBED6,upregulated,PLAG1
ZBED6,upregulated,ZNF449
ZBED6,upregulated,FOXO1
ZBED6,upregulated,HIVEP2
ZBED6,upregulated,ZNF438
ZBED6,upregulated,ZNF518B
ZBED6,upregulated,ZBTB43
ZBED6,upregulated,FOXJ2
ZBED6,upregulated,ZNF776
ZBED6,upregulated,ZNF718
ZBED6,upregulated,ZNF586
ZBED6,upregulated,SMAD4
ZBED6,upregulated,NFXL1
ZBED6,upregulated,ZNF461
ZBED6,upregulated,NFIA
ZBED6,upregulated,ONECUT2
ZBED6,upregulated,ZNF268
ZBED6,upregulated,ZNF143
ZBED6,upregulated,GRHL1
ZBED6,upregulated,EPAS1
ZBED6,upregulated,ZNF571
ZBED6,upregulated,ZNF317
ZBED6,upregulated,ZNF655
ZBED6,upregulated,FOXR2
ZBED6,upregulated,TEAD1
ZBED6,upregulated,ZNF621
ZBED6,upregulated,ZBTB26
ZBED6,upregulated,ZNF134
ZBED6,upregulated,ATF2
ZBED6,upregulated,ZNF641
ZBED6,upregulated,ZNF765
ZBED6,upregulated,ZNF83
ZBED6,upregulated,MEF2A
ZBED6,upregulated,GPBP1L1
ZBED6,upregulated,FOXJ3
ZBED6,upregulated,SIX4
ZBED6,upregulated,CREBZF
ZBED6,upregulated,ZKSCAN5
ZBED6,upregulated,GATA6
ZBED6,upregulated,ZNF608
ZBED6,upregulated,ZNF697
ZBED6,upregulated,HIF1A
ZBED6,upregulated,THRB
ZBED6,upregulated,GATAD2B
ZBED6,upregulated,ZKSCAN8
ZBED6,upregulated,ZNF117
ZBED6,upregulated,PRDM2
ZBED6,upregulated,NFE2L2
ZBED6,upregulated,TMF1
ZBED6,upregulated,ZFP28
ZBED6,upregulated,TCF7L2
ZBED6,upregulated,ZNF277
ZBED6,upregulated,BACH1
ZBED6,upregulated,SP1
ZBED6,upregulated,ZNF222
ZBED6,upregulated,ZNF397
ZBED6,upregulated,ZNF92
ZBED6,upregulated,ZNF711
ZBED6,upregulated,AR
ZBED6,upregulated,ZNF160
ZBED6,upregulated,KDM5B
ZBED6,upregulated,ZNF773
ZBED6,upregulated,ARHGAP35
ZBED6,upregulated,SP3
ZBED6,upregulated,ZNF678
ZBED6,upregulated,ZNF354B
ZBED6,upregulated,ZNF347
ZBED6,upregulated,ASH1L
ZBED6,upregulated,ZNF432
ZBED6,upregulated,BAZ2B
ZBED6,upregulated,RARB
ZBED6,upregulated,ZNF391
ZBED6,upregulated,KLF7
ZBED6,upregulated,ZNF12
ZBED6,upregulated,KMT2A
ZBED6,upregulated,FOXO3
ZBED6,upregulated,CREB5
ZBED6,upregulated,ZSCAN30
ZBED6,upregulated,RLF
ZBED6,upregulated,SOX6
ZBED6,upregulated,ZNF440
ZBED6,upregulated,NFIL3
ZBED6,upregulated,USF3
ZBED6,upregulated,ZFP69B
ZBED6,upregulated,ZNF483
ZBED6,upregulated,ZNF804A
ZBED6,upregulated,RBSN
ZBED6,upregulated,ZNF623
ZBED6,upregulated,LCOR
ZBED6,upregulated,ZBED6
ZBED6,upregulated,PAX9
ZBED6,upregulated,HIVEP1
ZBED6,upregulated,ZNF383
ZBED6,upregulated,FOSB
ZBED6,upregulated,SPEN
ZBED6,upregulated,RORB
ZBED6,upregulated,ZFHX4
ZBED6,upregulated,TET2
ZBED6,upregulated,NCOA2
ZBED6,upregulated,ZNF229
ZBED6,upregulated,HBP1
ZBED6,upregulated,ZFHX3
ZBED6,upregulated,ZKSCAN2
ZBED6,upregulated,HMBOX1
ZBED6,upregulated,GLIS3
ZBED6,upregulated,ZNF165
ZBED6,upregulated,ZNF471
ZBED6,upregulated,FOSL2
ZBED6,upregulated,KLF3
ZBED6,upregulated,ZNF766
ZBED6,upregulated,ZNF354C
ZBED6,upregulated,ZNF532
ZBED6,upregulated,ATF3
ZBED6,upregulated,RREB1
ZBED6,upregulated,MXD1
ZBED6,upregulated,ZNF197
BATF3,upregulated,IRF2
BATF3,upregulated,RBCK1
BATF3,upregulated,ASCL2
BATF3,upregulated,ETV3L
BATF3,upregulated,PLSCR1
BATF3,upregulated,SP100
BATF3,upregulated,USF1
BATF3,upregulated,SP140L
BATF3,upregulated,BATF
BATF3,upregulated,STAT2
BATF3,upregulated,HESX1
BATF3,upregulated,SPIB
BATF3,upregulated,RFX5
BATF3,upregulated,STAT5A
BATF3,upregulated,STAT4
BATF3,upregulated,ZNF366
BATF3,upregulated,IRF9
BATF3,upregulated,BATF2
BATF3,upregulated,SP110
BATF3,upregulated,STAT1
FOSB,upregulated,ZNF155
FOSB,upregulated,ZNF324B
FOSB,upregulated,ZNF256
FOSB,upregulated,ZNF296
FOSB,upregulated,ZNF225
FOSB,upregulated,ZNF304
FOSB,upregulated,ZNF669
FOSB,upregulated,SOX9
FOSB,upregulated,ZIM3
FOSB,upregulated,PRDM15
FOSB,upregulated,ZNF17
FOSB,upregulated,ZSCAN5B
FOSB,upregulated,MTERF1
FOSB,upregulated,ZNF567
FOSB,upregulated,ZNF354B
FOSB,upregulated,ZKSCAN2
SPEN,upregulated,PRR12
SPEN,upregulated,NAIF1
CREB3L4,upregulated,ISX
CREB3L4,upregulated,ZNF648
CREB3L4,upregulated,PAX1
CREB3L4,upregulated,CREB3L4
CREB3L4,upregulated,RFX6
SNAPC5,upregulated,ZNF428
SNAPC5,upregulated,DNTTIP1
SNAPC5,upregulated,TFDP1
SNAPC5,upregulated,ZNF414
SNAPC5,upregulated,TLX2
SNAPC5,upregulated,HES6
SNAPC5,upregulated,THAP7
SNAPC5,upregulated,USF1
SNAPC5,upregulated,CREB3
SNAPC5,upregulated,GTF2IRD2
SNAPC5,upregulated,MTERF2
SNAPC5,upregulated,TERB1
SNAPC5,upregulated,E2F1
SNAPC5,upregulated,ZNF688
SNAPC5,upregulated,DRAP1
SNAPC5,upregulated,THYN1
SNAPC5,upregulated,NR1H3
SNAPC5,upregulated,HSF1
SNAPC5,upregulated,REXO4
SNAPC5,upregulated,THAP3
SNAPC5,upregulated,MESP1
SNAPC5,upregulated,NR1I3
SNAPC5,upregulated,CHCHD3
SNAPC5,upregulated,MXD3
SNAPC5,upregulated,ZNF576
SNAPC5,upregulated,MBD3
SNAPC5,upregulated,NR2F6
SNAPC5,upregulated,FOXH1
SNAPC5,upregulated,CENPB
SNAPC5,upregulated,ZNF32
SNAPC5,upregulated,NME2
SNAPC5,upregulated,IRF3
SNAPC5,upregulated,CENPS
SNAPC5,upregulated,HMGN3
SNAPC5,upregulated,ESRRA
SNAPC5,upregulated,YBX1
SNAPC5,upregulated,GTF3A
SNAPC5,upregulated,BATF3
SNAPC5,upregulated,SNAPC5
SNAPC5,upregulated,PIN1
SP110,upregulated,IRF2
SP110,upregulated,IRF1
SP110,upregulated,RBCK1
SP110,upregulated,IRF7
SP110,upregulated,TRAFD1
SP110,upregulated,PLSCR1
SP110,upregulated,SP100
SP110,upregulated,SP140L
SP110,upregulated,ETV7
SP110,upregulated,IRF5
SP110,upregulated,STAT2
SP110,upregulated,IRF9
SP110,upregulated,BATF2
SP110,upregulated,SP110
ZNF93,upregulated,E2F2
ZNF93,upregulated,ZNF90
ZNF93,upregulated,ZNF732
ZNF93,upregulated,CENPA
ZNF93,upregulated,ZNF695
ZNF93,upregulated,ZNF519
ZNF93,upregulated,ZNF530
ZNF93,upregulated,ZNF724
ZNF93,upregulated,ZNF215
ZNF93,upregulated,ZNF730
ZNF93,upregulated,ZNF788P
ZNF93,upregulated,ZNF93
GLMP,upregulated,SETDB2
CENPX,upregulated,ZNF428
CENPX,upregulated,ZNF414
CENPX,upregulated,PIN1
GLI3,upregulated,ZKSCAN7
GLI3,upregulated,ZIC1
PA2G4,upregulated,ZNF35
PA2G4,upregulated,CDX4
PA2G4,upregulated,PHOX2B
PA2G4,upregulated,ZNF90
PA2G4,upregulated,ZNF732
PA2G4,upregulated,MECOM
PA2G4,upregulated,LIN28A
PA2G4,upregulated,ZNF813
PA2G4,upregulated,ZNF511
PA2G4,upregulated,ZNF680
PA2G4,upregulated,PRDM5
PA2G4,upregulated,ZNF99
PA2G4,upregulated,ZNF682
PA2G4,upregulated,MYOG
PA2G4,upregulated,ZNF695
PA2G4,upregulated,ZNF649
PA2G4,upregulated,DEAF1
PA2G4,upregulated,ZNF729
PA2G4,upregulated,ZNF324B
PA2G4,upregulated,ZNF492
PA2G4,upregulated,ZNF736
PA2G4,upregulated,HMG20A
PA2G4,upregulated,DPF1
PA2G4,upregulated,ZSCAN10
PA2G4,upregulated,ZNF681
PA2G4,upregulated,ZNF675
PA2G4,upregulated,OVOL3
PA2G4,upregulated,SIM1
PA2G4,upregulated,NANOGP8
PA2G4,upregulated,GABPA
PA2G4,upregulated,ZNF43
PA2G4,upregulated,SIX6
PA2G4,upregulated,CLOCK
PA2G4,upregulated,ZNF257
PA2G4,upregulated,ZNF131
PA2G4,upregulated,KLF16
PA2G4,upregulated,MBD3
PA2G4,upregulated,NR2F6
PA2G4,upregulated,ZNF724
PA2G4,upregulated,CENPB
PA2G4,upregulated,ZNF66
PA2G4,upregulated,ATOH1
PA2G4,upregulated,SRY
PA2G4,upregulated,SP5
PA2G4,upregulated,ZNF98
PA2G4,upregulated,AHCTF1
PA2G4,upregulated,SOX3
PA2G4,upregulated,MYOD1
PA2G4,upregulated,POU2F1
PA2G4,upregulated,ZNF280B
PA2G4,upregulated,HOXD12
PA2G4,upregulated,BCL11A
PA2G4,upregulated,ZNF100
PA2G4,upregulated,TFAP2D
PA2G4,upregulated,ZNF730
PA2G4,upregulated,PIN1
PA2G4,upregulated,NFATC3
PA2G4,upregulated,CENPX
ARNTL2,upregulated,OVOL1